time,strategy,identifier,symbol,side,type,status,multiplier,time_in_force,asset.strike,asset.multiplier,asset.asset_type,price,filled_quantity,trade_cost
2022-12-15 09:30:00-05:00,MLTrader,5c0dd9b957be43019c292b939a178205,AAPL,buy,market,new,1,gtc,0.0,1,stock,,,
2022-12-15 09:30:00-05:00,MLTrader,5c0dd9b957be43019c292b939a178205,AAPL,buy,market,fill,1,gtc,0.0,1,stock,141.11000061035156,10.0,0.0
2022-12-16 09:30:00-05:00,MLTrader,959b1e54d7bf46bfa0a76f9c5b7a97db,AAPL,buy,market,new,1,gtc,0.0,1,stock,,,
2022-12-16 09:30:00-05:00,MLTrader,959b1e54d7bf46bfa0a76f9c5b7a97db,AAPL,buy,market,fill,1,gtc,0.0,1,stock,136.69000244140625,10.0,0.0
2022-12-19 09:30:00-05:00,MLTrader,04ef8b33df8649c9a6637f04e9f6d7ba,AAPL,buy,market,new,1,gtc,0.0,1,stock,,,
2022-12-19 09:30:00-05:00,MLTrader,04ef8b33df8649c9a6637f04e9f6d7ba,AAPL,buy,market,fill,1,gtc,0.0,1,stock,135.11000061035156,10.0,0.0
2022-12-20 09:30:00-05:00,MLTrader,09c1f48ba366453fb9e4c837397d7659,AAPL,buy,market,new,1,gtc,0.0,1,stock,,,
2022-12-20 09:30:00-05:00,MLTrader,09c1f48ba366453fb9e4c837397d7659,AAPL,buy,market,fill,1,gtc,0.0,1,stock,131.38999938964844,10.0,0.0
2022-12-21 09:30:00-05:00,MLTrader,cfd39bb38ab04052874c13cfa5c51af3,AAPL,buy,market,new,1,gtc,0.0,1,stock,,,
2022-12-21 09:30:00-05:00,MLTrader,cfd39bb38ab04052874c13cfa5c51af3,AAPL,buy,market,fill,1,gtc,0.0,1,stock,132.97999572753906,10.0,0.0
2022-12-22 09:30:00-05:00,MLTrader,447af318b6634f309888630c8642cf4b,AAPL,buy,market,new,1,gtc,0.0,1,stock,,,
2022-12-22 09:30:00-05:00,MLTrader,447af318b6634f309888630c8642cf4b,AAPL,buy,market,fill,1,gtc,0.0,1,stock,134.35000610351562,10.0,0.0
2022-12-23 09:30:00-05:00,MLTrader,68eb6eff24b243cc9c2573e5c6bd6479,AAPL,buy,market,new,1,gtc,0.0,1,stock,,,
2022-12-23 09:30:00-05:00,MLTrader,68eb6eff24b243cc9c2573e5c6bd6479,AAPL,buy,market,fill,1,gtc,0.0,1,stock,130.9199981689453,10.0,0.0
2022-12-27 09:30:00-05:00,MLTrader,a43c68ab5e934237a8417836e1d5eef6,AAPL,buy,market,new,1,gtc,0.0,1,stock,,,
2022-12-27 09:30:00-05:00,MLTrader,a43c68ab5e934237a8417836e1d5eef6,AAPL,buy,market,fill,1,gtc,0.0,1,stock,131.3800048828125,10.0,0.0
2022-12-28 09:30:00-05:00,MLTrader,3eb6e245493143029db7d680dcdef002,AAPL,buy,market,new,1,gtc,0.0,1,stock,,,
2022-12-28 09:30:00-05:00,MLTrader,3eb6e245493143029db7d680dcdef002,AAPL,buy,market,fill,1,gtc,0.0,1,stock,129.6699981689453,10.0,0.0
2022-12-29 09:30:00-05:00,MLTrader,1d1c3aba89864ea4850608ddb127be02,AAPL,buy,market,new,1,gtc,0.0,1,stock,,,
2022-12-29 09:30:00-05:00,MLTrader,1d1c3aba89864ea4850608ddb127be02,AAPL,buy,market,fill,1,gtc,0.0,1,stock,127.98999786376953,10.0,0.0
2022-12-30 09:30:00-05:00,MLTrader,da5c4db32b254d7d8a891ecf1aef2eb5,AAPL,buy,market,new,1,gtc,0.0,1,stock,,,
2022-12-30 09:30:00-05:00,MLTrader,da5c4db32b254d7d8a891ecf1aef2eb5,AAPL,buy,market,fill,1,gtc,0.0,1,stock,128.41000366210938,10.0,0.0
2023-01-03 09:30:00-05:00,MLTrader,c57adcc3c10b4c61a59d7b08dc2909b3,AAPL,buy,market,new,1,gtc,0.0,1,stock,,,
2023-01-03 09:30:00-05:00,MLTrader,c57adcc3c10b4c61a59d7b08dc2909b3,AAPL,buy,market,fill,1,gtc,0.0,1,stock,130.27999877929688,10.0,0.0
2023-01-04 09:30:00-05:00,MLTrader,34b934290cd94f5d86735429f39ae7a7,AAPL,buy,market,new,1,gtc,0.0,1,stock,,,
2023-01-04 09:30:00-05:00,MLTrader,34b934290cd94f5d86735429f39ae7a7,AAPL,buy,market,fill,1,gtc,0.0,1,stock,126.88999938964844,10.0,0.0
2023-01-05 09:30:00-05:00,MLTrader,943263c470f5421d8df6e5716639b551,AAPL,buy,market,new,1,gtc,0.0,1,stock,,,
2023-01-05 09:30:00-05:00,MLTrader,943263c470f5421d8df6e5716639b551,AAPL,buy,market,fill,1,gtc,0.0,1,stock,127.12999725341797,10.0,0.0
2023-01-06 09:30:00-05:00,MLTrader,45ccedc3acd14982b986295cb470a473,AAPL,buy,market,new,1,gtc,0.0,1,stock,,,
2023-01-06 09:30:00-05:00,MLTrader,45ccedc3acd14982b986295cb470a473,AAPL,buy,market,fill,1,gtc,0.0,1,stock,126.01000213623047,10.0,0.0
2023-01-09 09:30:00-05:00,MLTrader,fa2366d8e89d4e7cb0da235fcbb2cc6f,AAPL,buy,market,new,1,gtc,0.0,1,stock,,,
2023-01-09 09:30:00-05:00,MLTrader,fa2366d8e89d4e7cb0da235fcbb2cc6f,AAPL,buy,market,fill,1,gtc,0.0,1,stock,130.47000122070312,10.0,0.0
2023-01-10 09:30:00-05:00,MLTrader,8cff1ddccba742d89d9b814a0df721f9,AAPL,buy,market,new,1,gtc,0.0,1,stock,,,
2023-01-10 09:30:00-05:00,MLTrader,8cff1ddccba742d89d9b814a0df721f9,AAPL,buy,market,fill,1,gtc,0.0,1,stock,130.25999450683594,10.0,0.0
2023-01-11 09:30:00-05:00,MLTrader,73b51fde927b4f109eb73b14bed17ed2,AAPL,buy,market,new,1,gtc,0.0,1,stock,,,
2023-01-11 09:30:00-05:00,MLTrader,73b51fde927b4f109eb73b14bed17ed2,AAPL,buy,market,fill,1,gtc,0.0,1,stock,131.25,10.0,0.0
2023-01-12 09:30:00-05:00,MLTrader,b38b4e53e7ac43b2a30744b527a494a5,AAPL,buy,market,new,1,gtc,0.0,1,stock,,,
2023-01-12 09:30:00-05:00,MLTrader,b38b4e53e7ac43b2a30744b527a494a5,AAPL,buy,market,fill,1,gtc,0.0,1,stock,133.8800048828125,10.0,0.0
2023-01-13 09:30:00-05:00,MLTrader,44181be4b907411f89897b738f727668,AAPL,buy,market,new,1,gtc,0.0,1,stock,,,
2023-01-13 09:30:00-05:00,MLTrader,44181be4b907411f89897b738f727668,AAPL,buy,market,fill,1,gtc,0.0,1,stock,132.02999877929688,10.0,0.0
2023-01-17 09:30:00-05:00,MLTrader,cfb197206d504695b926c65b0727a00c,AAPL,buy,market,new,1,gtc,0.0,1,stock,,,
2023-01-17 09:30:00-05:00,MLTrader,cfb197206d504695b926c65b0727a00c,AAPL,buy,market,fill,1,gtc,0.0,1,stock,134.8300018310547,10.0,0.0
2023-01-18 09:30:00-05:00,MLTrader,01118638c8cd4b55bcfb1a4dc9a8c515,AAPL,buy,market,new,1,gtc,0.0,1,stock,,,
2023-01-18 09:30:00-05:00,MLTrader,01118638c8cd4b55bcfb1a4dc9a8c515,AAPL,buy,market,fill,1,gtc,0.0,1,stock,136.82000732421875,10.0,0.0
2023-01-19 09:30:00-05:00,MLTrader,3f9fb154b8fc4126b997ade4b1249506,AAPL,buy,market,new,1,gtc,0.0,1,stock,,,
2023-01-19 09:30:00-05:00,MLTrader,3f9fb154b8fc4126b997ade4b1249506,AAPL,buy,market,fill,1,gtc,0.0,1,stock,134.0800018310547,10.0,0.0
2023-01-20 09:30:00-05:00,MLTrader,890a595d171e4d72bbdf443a4b373cb0,AAPL,buy,market,new,1,gtc,0.0,1,stock,,,
2023-01-20 09:30:00-05:00,MLTrader,890a595d171e4d72bbdf443a4b373cb0,AAPL,buy,market,fill,1,gtc,0.0,1,stock,135.27999877929688,10.0,0.0
2023-01-23 09:30:00-05:00,MLTrader,3c87e5a44a124c4da69028af3e47fb5d,AAPL,buy,market,new,1,gtc,0.0,1,stock,,,
2023-01-23 09:30:00-05:00,MLTrader,3c87e5a44a124c4da69028af3e47fb5d,AAPL,buy,market,fill,1,gtc,0.0,1,stock,138.1199951171875,10.0,0.0
2023-01-24 09:30:00-05:00,MLTrader,bc6833d15a1646c89509c4497b6d996a,AAPL,buy,market,new,1,gtc,0.0,1,stock,,,
2023-01-24 09:30:00-05:00,MLTrader,bc6833d15a1646c89509c4497b6d996a,AAPL,buy,market,fill,1,gtc,0.0,1,stock,140.30999755859375,10.0,0.0
2023-01-25 09:30:00-05:00,MLTrader,59de5893928a4a4bbe7a94c3d50efc77,AAPL,buy,market,new,1,gtc,0.0,1,stock,,,
2023-01-25 09:30:00-05:00,MLTrader,59de5893928a4a4bbe7a94c3d50efc77,AAPL,buy,market,fill,1,gtc,0.0,1,stock,140.88999938964844,10.0,0.0
2023-01-26 09:30:00-05:00,MLTrader,7f837e23e94f4bc5ab59ae257a5d87fa,AAPL,buy,market,new,1,gtc,0.0,1,stock,,,
2023-01-26 09:30:00-05:00,MLTrader,7f837e23e94f4bc5ab59ae257a5d87fa,AAPL,buy,market,fill,1,gtc,0.0,1,stock,143.1699981689453,10.0,0.0
2023-01-27 09:30:00-05:00,MLTrader,ab36e4dab31f43dfb03565114e9b1a1e,AAPL,buy,market,new,1,gtc,0.0,1,stock,,,
2023-01-27 09:30:00-05:00,MLTrader,ab36e4dab31f43dfb03565114e9b1a1e,AAPL,buy,market,fill,1,gtc,0.0,1,stock,143.16000366210938,10.0,0.0
2023-01-30 09:30:00-05:00,MLTrader,774c050df1654aee9ef5971793d7148a,AAPL,buy,market,new,1,gtc,0.0,1,stock,,,
2023-01-30 09:30:00-05:00,MLTrader,774c050df1654aee9ef5971793d7148a,AAPL,buy,market,fill,1,gtc,0.0,1,stock,144.9600067138672,10.0,0.0
2023-01-31 09:30:00-05:00,MLTrader,2d15e9505f4548a79dd601825d118a94,AAPL,buy,market,new,1,gtc,0.0,1,stock,,,
2023-01-31 09:30:00-05:00,MLTrader,2d15e9505f4548a79dd601825d118a94,AAPL,buy,market,fill,1,gtc,0.0,1,stock,142.6999969482422,10.0,0.0
2023-02-01 09:30:00-05:00,MLTrader,19556e141cf0433f8a08bc2ac98d97e8,AAPL,buy,market,new,1,gtc,0.0,1,stock,,,
2023-02-01 09:30:00-05:00,MLTrader,19556e141cf0433f8a08bc2ac98d97e8,AAPL,buy,market,fill,1,gtc,0.0,1,stock,143.97000122070312,10.0,0.0
2023-02-02 09:30:00-05:00,MLTrader,e534273a75e54d74b63b646f1d803f92,AAPL,buy,market,new,1,gtc,0.0,1,stock,,,
2023-02-02 09:30:00-05:00,MLTrader,e534273a75e54d74b63b646f1d803f92,AAPL,buy,market,fill,1,gtc,0.0,1,stock,148.89999389648438,10.0,0.0
2023-02-03 09:30:00-05:00,MLTrader,1bcd259180ad4b8e9ffdbf9084379412,AAPL,buy,market,new,1,gtc,0.0,1,stock,,,
2023-02-03 09:30:00-05:00,MLTrader,1bcd259180ad4b8e9ffdbf9084379412,AAPL,buy,market,fill,1,gtc,0.0,1,stock,148.02999877929688,10.0,0.0
2023-02-06 09:30:00-05:00,MLTrader,b578a5fad135429a9e0e1cde9a6e2761,AAPL,buy,market,new,1,gtc,0.0,1,stock,,,
2023-02-06 09:30:00-05:00,MLTrader,b578a5fad135429a9e0e1cde9a6e2761,AAPL,buy,market,fill,1,gtc,0.0,1,stock,152.57000732421875,10.0,0.0
2023-02-07 09:30:00-05:00,MLTrader,a4d4abd10b654b91b225a8261ec4f2b5,AAPL,buy,market,new,1,gtc,0.0,1,stock,,,
2023-02-07 09:30:00-05:00,MLTrader,a4d4abd10b654b91b225a8261ec4f2b5,AAPL,buy,market,fill,1,gtc,0.0,1,stock,150.63999938964844,10.0,0.0
2023-02-08 09:30:00-05:00,MLTrader,09a603e08cbb41a6b06b2204748063a6,AAPL,buy,market,new,1,gtc,0.0,1,stock,,,
2023-02-08 09:30:00-05:00,MLTrader,09a603e08cbb41a6b06b2204748063a6,AAPL,buy,market,fill,1,gtc,0.0,1,stock,153.8800048828125,10.0,0.0
2023-02-09 09:30:00-05:00,MLTrader,37c25c8c1d164efb867080d2b53c0fd5,AAPL,buy,market,new,1,gtc,0.0,1,stock,,,
2023-02-09 09:30:00-05:00,MLTrader,37c25c8c1d164efb867080d2b53c0fd5,AAPL,buy,market,fill,1,gtc,0.0,1,stock,153.77999877929688,10.0,0.0
2023-02-10 09:30:00-05:00,MLTrader,b86b75695a0a43db834bd8b0b5cd2b4d,AAPL,buy,market,new,1,gtc,0.0,1,stock,,,
2023-02-10 09:30:00-05:00,MLTrader,b86b75695a0a43db834bd8b0b5cd2b4d,AAPL,buy,market,fill,1,gtc,0.0,1,stock,149.4600067138672,10.0,0.0
2023-02-13 09:30:00-05:00,MLTrader,338bb1ae489e4d89b5d262e20209417f,AAPL,buy,market,new,1,gtc,0.0,1,stock,,,
2023-02-13 09:30:00-05:00,MLTrader,338bb1ae489e4d89b5d262e20209417f,AAPL,buy,market,fill,1,gtc,0.0,1,stock,150.9499969482422,10.0,0.0
2023-02-14 09:30:00-05:00,MLTrader,6d7d9e24218c47d4aed3076427399043,AAPL,buy,market,new,1,gtc,0.0,1,stock,,,
2023-02-14 09:30:00-05:00,MLTrader,6d7d9e24218c47d4aed3076427399043,AAPL,buy,market,fill,1,gtc,0.0,1,stock,152.1199951171875,10.0,0.0
2023-02-15 09:30:00-05:00,MLTrader,01e953a5cd0347379a6a4ae7e50a7060,AAPL,buy,market,new,1,gtc,0.0,1,stock,,,
2023-02-15 09:30:00-05:00,MLTrader,01e953a5cd0347379a6a4ae7e50a7060,AAPL,buy,market,fill,1,gtc,0.0,1,stock,153.11000061035156,10.0,0.0
2023-02-16 09:30:00-05:00,MLTrader,57015be2456148a597d075d318f01b07,AAPL,buy,market,new,1,gtc,0.0,1,stock,,,
2023-02-16 09:30:00-05:00,MLTrader,57015be2456148a597d075d318f01b07,AAPL,buy,market,fill,1,gtc,0.0,1,stock,153.50999450683594,10.0,0.0
2023-02-17 09:30:00-05:00,MLTrader,cffb310a366e46b6ac642a23f889cb9a,AAPL,buy,market,new,1,gtc,0.0,1,stock,,,
2023-02-17 09:30:00-05:00,MLTrader,cffb310a366e46b6ac642a23f889cb9a,AAPL,buy,market,fill,1,gtc,0.0,1,stock,152.35000610351562,10.0,0.0
2023-02-21 09:30:00-05:00,MLTrader,e86a715e330b4fd19a56d266b2e84392,AAPL,buy,market,new,1,gtc,0.0,1,stock,,,
2023-02-21 09:30:00-05:00,MLTrader,e86a715e330b4fd19a56d266b2e84392,AAPL,buy,market,fill,1,gtc,0.0,1,stock,150.1999969482422,10.0,0.0
2023-02-22 09:30:00-05:00,MLTrader,fa77ffc7a59a49079fd62ac3525e24c1,AAPL,buy,market,new,1,gtc,0.0,1,stock,,,
2023-02-22 09:30:00-05:00,MLTrader,fa77ffc7a59a49079fd62ac3525e24c1,AAPL,buy,market,fill,1,gtc,0.0,1,stock,148.8699951171875,10.0,0.0
2023-02-23 09:30:00-05:00,MLTrader,57a35953c2c04dc29e000ce1fb472ae0,AAPL,buy,market,new,1,gtc,0.0,1,stock,,,
2023-02-23 09:30:00-05:00,MLTrader,57a35953c2c04dc29e000ce1fb472ae0,AAPL,buy,market,fill,1,gtc,0.0,1,stock,150.08999633789062,10.0,0.0
2023-02-24 09:30:00-05:00,MLTrader,25e162a92c874fb68d136a44b78a3b22,AAPL,buy,market,new,1,gtc,0.0,1,stock,,,
2023-02-24 09:30:00-05:00,MLTrader,25e162a92c874fb68d136a44b78a3b22,AAPL,buy,market,fill,1,gtc,0.0,1,stock,147.11000061035156,10.0,0.0
2023-02-27 09:30:00-05:00,MLTrader,6d40663cade34adc944d315e2fcaa4e8,AAPL,buy,market,new,1,gtc,0.0,1,stock,,,
2023-02-27 09:30:00-05:00,MLTrader,6d40663cade34adc944d315e2fcaa4e8,AAPL,buy,market,fill,1,gtc,0.0,1,stock,147.7100067138672,10.0,0.0
2023-02-28 09:30:00-05:00,MLTrader,187b05aa73604389a9db2267d2798d28,AAPL,buy,market,new,1,gtc,0.0,1,stock,,,
2023-02-28 09:30:00-05:00,MLTrader,187b05aa73604389a9db2267d2798d28,AAPL,buy,market,fill,1,gtc,0.0,1,stock,147.0500030517578,10.0,0.0
2023-03-01 09:30:00-05:00,MLTrader,4e6594448c9e444caccd07d1a384970a,AAPL,buy,market,new,1,gtc,0.0,1,stock,,,
2023-03-01 09:30:00-05:00,MLTrader,4e6594448c9e444caccd07d1a384970a,AAPL,buy,market,fill,1,gtc,0.0,1,stock,146.8300018310547,10.0,0.0
2023-03-02 09:30:00-05:00,MLTrader,438be84044554e3ba82845f67d85645b,AAPL,buy,market,new,1,gtc,0.0,1,stock,,,
2023-03-02 09:30:00-05:00,MLTrader,438be84044554e3ba82845f67d85645b,AAPL,buy,market,fill,1,gtc,0.0,1,stock,144.3800048828125,10.0,0.0
2023-03-03 09:30:00-05:00,MLTrader,ac20ace4b188440a9a779ad2db154e6e,AAPL,buy,market,new,1,gtc,0.0,1,stock,,,
2023-03-03 09:30:00-05:00,MLTrader,ac20ace4b188440a9a779ad2db154e6e,AAPL,buy,market,fill,1,gtc,0.0,1,stock,148.0399932861328,10.0,0.0
2023-03-06 09:30:00-05:00,MLTrader,45dbb2eae6b249fba78b6ef1d1928115,AAPL,buy,market,new,1,gtc,0.0,1,stock,,,
2023-03-06 09:30:00-05:00,MLTrader,45dbb2eae6b249fba78b6ef1d1928115,AAPL,buy,market,fill,1,gtc,0.0,1,stock,153.7899932861328,10.0,0.0
2023-03-07 09:30:00-05:00,MLTrader,76a1801f47bd440594d4dbc0c02440a0,AAPL,buy,market,new,1,gtc,0.0,1,stock,,,
2023-03-07 09:30:00-05:00,MLTrader,76a1801f47bd440594d4dbc0c02440a0,AAPL,buy,market,fill,1,gtc,0.0,1,stock,153.6999969482422,10.0,0.0
2023-03-08 09:30:00-05:00,MLTrader,c909bfa68911424091eb56d778be49ce,AAPL,buy,market,new,1,gtc,0.0,1,stock,,,
2023-03-08 09:30:00-05:00,MLTrader,c909bfa68911424091eb56d778be49ce,AAPL,buy,market,fill,1,gtc,0.0,1,stock,152.80999755859375,10.0,0.0
2023-03-09 09:30:00-05:00,MLTrader,8fef054d16be429e9a6d0e17572e80db,AAPL,buy,market,new,1,gtc,0.0,1,stock,,,
2023-03-09 09:30:00-05:00,MLTrader,8fef054d16be429e9a6d0e17572e80db,AAPL,buy,market,fill,1,gtc,0.0,1,stock,153.55999755859375,10.0,0.0
2023-03-10 09:30:00-05:00,MLTrader,9417c2afbd9a4c25bdc0239715e221ee,AAPL,buy,market,new,1,gtc,0.0,1,stock,,,
2023-03-10 09:30:00-05:00,MLTrader,9417c2afbd9a4c25bdc0239715e221ee,AAPL,buy,market,fill,1,gtc,0.0,1,stock,150.2100067138672,10.0,0.0
2023-03-13 09:30:00-04:00,MLTrader,c728cc19172c49d88fbf96ab201c1f88,AAPL,buy,market,new,1,gtc,0.0,1,stock,,,
2023-03-13 09:30:00-04:00,MLTrader,c728cc19172c49d88fbf96ab201c1f88,AAPL,buy,market,fill,1,gtc,0.0,1,stock,151.27999877929688,10.0,0.0
2023-03-14 09:30:00-04:00,MLTrader,89a514dc61654de2a63e3766279ee421,AAPL,buy,market,new,1,gtc,0.0,1,stock,,,
2023-03-14 09:30:00-04:00,MLTrader,89a514dc61654de2a63e3766279ee421,AAPL,buy,market,fill,1,gtc,0.0,1,stock,151.19000244140625,10.0,0.0
2023-03-15 09:30:00-04:00,MLTrader,4ee614577cbe42649150e479ef9523bc,AAPL,buy,market,new,1,gtc,0.0,1,stock,,,
2023-03-15 09:30:00-04:00,MLTrader,4ee614577cbe42649150e479ef9523bc,AAPL,buy,market,fill,1,gtc,0.0,1,stock,152.16000366210938,10.0,0.0
2023-03-16 09:30:00-04:00,MLTrader,4853ab022f744294ab2785d7899b6285,AAPL,buy,market,new,1,gtc,0.0,1,stock,,,
2023-03-16 09:30:00-04:00,MLTrader,4853ab022f744294ab2785d7899b6285,AAPL,buy,market,fill,1,gtc,0.0,1,stock,156.0800018310547,10.0,0.0
2023-03-17 09:30:00-04:00,MLTrader,31a3e57cdee941fb98543969b0636213,AAPL,buy,market,new,1,gtc,0.0,1,stock,,,
2023-03-17 09:30:00-04:00,MLTrader,31a3e57cdee941fb98543969b0636213,AAPL,buy,market,fill,1,gtc,0.0,1,stock,156.0800018310547,10.0,0.0
2023-03-20 09:30:00-04:00,MLTrader,657f112e45d74db292a53c78739f871f,AAPL,buy,market,new,1,gtc,0.0,1,stock,,,
2023-03-20 09:30:00-04:00,MLTrader,657f112e45d74db292a53c78739f871f,AAPL,buy,market,fill,1,gtc,0.0,1,stock,157.32000732421875,10.0,0.0
2023-03-21 09:30:00-04:00,MLTrader,760624f084d04aafb1c0e220a002c695,AAPL,buy,market,new,1,gtc,0.0,1,stock,,,
2023-03-21 09:30:00-04:00,MLTrader,760624f084d04aafb1c0e220a002c695,AAPL,buy,market,fill,1,gtc,0.0,1,stock,159.3000030517578,10.0,0.0
2023-03-22 09:30:00-04:00,MLTrader,69e2e41d42c848d2b4b8f735072a3b51,AAPL,buy,market,new,1,gtc,0.0,1,stock,,,
2023-03-22 09:30:00-04:00,MLTrader,69e2e41d42c848d2b4b8f735072a3b51,AAPL,buy,market,fill,1,gtc,0.0,1,stock,158.8300018310547,10.0,0.0
2023-03-23 09:30:00-04:00,MLTrader,e820c7c44b9d4a4c80ef700677bec5d1,AAPL,buy,market,new,1,gtc,0.0,1,stock,,,
2023-03-23 09:30:00-04:00,MLTrader,e820c7c44b9d4a4c80ef700677bec5d1,AAPL,buy,market,fill,1,gtc,0.0,1,stock,158.86000061035156,10.0,0.0
2023-03-24 09:30:00-04:00,MLTrader,20e0d820daf94bca954f115009950b5a,AAPL,buy,market,new,1,gtc,0.0,1,stock,,,
2023-03-24 09:30:00-04:00,MLTrader,20e0d820daf94bca954f115009950b5a,AAPL,buy,market,fill,1,gtc,0.0,1,stock,158.86000061035156,10.0,0.0
2023-03-27 09:30:00-04:00,MLTrader,c447e92cfd1e4de28acd79c3bdbf44cf,AAPL,buy,market,new,1,gtc,0.0,1,stock,,,
2023-03-27 09:30:00-04:00,MLTrader,c447e92cfd1e4de28acd79c3bdbf44cf,AAPL,buy,market,fill,1,gtc,0.0,1,stock,157.97000122070312,10.0,0.0
2023-03-28 09:30:00-04:00,MLTrader,3423bb4a4efc420ebd218c2eb6ceef75,AAPL,buy,market,new,1,gtc,0.0,1,stock,,,
2023-03-28 09:30:00-04:00,MLTrader,3423bb4a4efc420ebd218c2eb6ceef75,AAPL,buy,market,fill,1,gtc,0.0,1,stock,159.3699951171875,10.0,0.0
2023-03-29 09:30:00-04:00,MLTrader,a0b5905e05b34adf9871dee0789b1431,AAPL,buy,market,new,1,gtc,0.0,1,stock,,,
2023-03-29 09:30:00-04:00,MLTrader,a0b5905e05b34adf9871dee0789b1431,AAPL,buy,market,fill,1,gtc,0.0,1,stock,161.52999877929688,10.0,0.0
2023-03-30 09:30:00-04:00,MLTrader,2e0d4e93b80c46feb8d46f19155a4566,AAPL,buy,market,new,1,gtc,0.0,1,stock,,,
2023-03-30 09:30:00-04:00,MLTrader,2e0d4e93b80c46feb8d46f19155a4566,AAPL,buy,market,fill,1,gtc,0.0,1,stock,162.44000244140625,10.0,0.0
2023-03-31 09:30:00-04:00,MLTrader,f8b16cd6fe044d389f642573f632cee2,AAPL,buy,market,new,1,gtc,0.0,1,stock,,,
2023-03-31 09:30:00-04:00,MLTrader,f8b16cd6fe044d389f642573f632cee2,AAPL,buy,market,fill,1,gtc,0.0,1,stock,162.44000244140625,10.0,0.0
2023-04-03 09:30:00-04:00,MLTrader,d3d3355c9cad4171b4500aaec26134ba,AAPL,buy,market,new,1,gtc,0.0,1,stock,,,
2023-04-03 09:30:00-04:00,MLTrader,d3d3355c9cad4171b4500aaec26134ba,AAPL,buy,market,fill,1,gtc,0.0,1,stock,166.60000610351562,10.0,0.0
2023-04-04 09:30:00-04:00,MLTrader,a81699348054400882e7059bac22a720,AAPL,buy,market,new,1,gtc,0.0,1,stock,,,
2023-04-04 09:30:00-04:00,MLTrader,a81699348054400882e7059bac22a720,AAPL,buy,market,fill,1,gtc,0.0,1,stock,164.74000549316406,10.0,0.0
2023-04-05 09:30:00-04:00,MLTrader,49015816a68340039a47c36eae8043f4,AAPL,buy,market,new,1,gtc,0.0,1,stock,,,
2023-04-05 09:30:00-04:00,MLTrader,49015816a68340039a47c36eae8043f4,AAPL,buy,market,fill,1,gtc,0.0,1,stock,162.42999267578125,10.0,0.0
2023-04-06 09:30:00-04:00,MLTrader,cb062a2f3775438f8e09c23548dafb4b,AAPL,buy,market,new,1,gtc,0.0,1,stock,,,
2023-04-06 09:30:00-04:00,MLTrader,cb062a2f3775438f8e09c23548dafb4b,AAPL,buy,market,fill,1,gtc,0.0,1,stock,162.42999267578125,10.0,0.0
2023-04-10 09:30:00-04:00,MLTrader,9a7ba87335b64d84b802bcd2ac6885b5,AAPL,buy,market,new,1,gtc,0.0,1,stock,,,
2023-04-10 09:30:00-04:00,MLTrader,9a7ba87335b64d84b802bcd2ac6885b5,AAPL,buy,market,fill,1,gtc,0.0,1,stock,162.35000610351562,10.0,0.0
2023-04-11 09:30:00-04:00,MLTrader,2bddb1eebeca4370821ad0af0736e150,AAPL,buy,market,new,1,gtc,0.0,1,stock,,,
2023-04-11 09:30:00-04:00,MLTrader,2bddb1eebeca4370821ad0af0736e150,AAPL,buy,market,fill,1,gtc,0.0,1,stock,161.22000122070312,10.0,0.0
2023-04-12 09:30:00-04:00,MLTrader,979c2b586bd843a7890c7cbcdbe23722,AAPL,buy,market,new,1,gtc,0.0,1,stock,,,
2023-04-12 09:30:00-04:00,MLTrader,979c2b586bd843a7890c7cbcdbe23722,AAPL,buy,market,fill,1,gtc,0.0,1,stock,161.6300048828125,10.0,0.0
2023-04-13 09:30:00-04:00,MLTrader,8397eb4fee9747cebd2db33fd7b3c3c5,AAPL,buy,market,new,1,gtc,0.0,1,stock,,,
2023-04-13 09:30:00-04:00,MLTrader,8397eb4fee9747cebd2db33fd7b3c3c5,AAPL,buy,market,fill,1,gtc,0.0,1,stock,164.58999633789062,10.0,0.0
2023-04-14 09:30:00-04:00,MLTrader,bd5bea604a554adea593481983fb8256,AAPL,buy,market,new,1,gtc,0.0,1,stock,,,
2023-04-14 09:30:00-04:00,MLTrader,bd5bea604a554adea593481983fb8256,AAPL,buy,market,fill,1,gtc,0.0,1,stock,164.58999633789062,10.0,0.0
2023-04-17 09:30:00-04:00,MLTrader,2d7a3aff31144dff81df8a1d9f5e1ac8,AAPL,buy,market,new,1,gtc,0.0,1,stock,,,
2023-04-17 09:30:00-04:00,MLTrader,2d7a3aff31144dff81df8a1d9f5e1ac8,AAPL,buy,market,fill,1,gtc,0.0,1,stock,166.10000610351562,10.0,0.0
2023-04-18 09:30:00-04:00,MLTrader,23a34a69b13e4dcc9f65a922c99f04b9,AAPL,buy,market,new,1,gtc,0.0,1,stock,,,
2023-04-18 09:30:00-04:00,MLTrader,23a34a69b13e4dcc9f65a922c99f04b9,AAPL,buy,market,fill,1,gtc,0.0,1,stock,165.8000030517578,10.0,0.0
2023-04-19 09:30:00-04:00,MLTrader,0e51be53aafd489ca8e07903b6acf784,AAPL,buy,market,new,1,gtc,0.0,1,stock,,,
2023-04-19 09:30:00-04:00,MLTrader,0e51be53aafd489ca8e07903b6acf784,AAPL,buy,market,fill,1,gtc,0.0,1,stock,166.08999633789062,10.0,0.0
2023-04-20 09:30:00-04:00,MLTrader,857880a23b1c45df8aa4b03374bc7a5d,AAPL,buy,market,new,1,gtc,0.0,1,stock,,,
2023-04-20 09:30:00-04:00,MLTrader,857880a23b1c45df8aa4b03374bc7a5d,AAPL,buy,market,fill,1,gtc,0.0,1,stock,165.0500030517578,10.0,0.0
2023-04-21 09:30:00-04:00,MLTrader,7cfd18a5e2cf4b2db99a180cf0368cd5,AAPL,buy,market,new,1,gtc,0.0,1,stock,,,
2023-04-21 09:30:00-04:00,MLTrader,7cfd18a5e2cf4b2db99a180cf0368cd5,AAPL,buy,market,fill,1,gtc,0.0,1,stock,165.0500030517578,10.0,0.0
2023-04-24 09:30:00-04:00,MLTrader,22039456f07541d8ba10f4efc199d438,AAPL,buy,market,new,1,gtc,0.0,1,stock,,,
2023-04-24 09:30:00-04:00,MLTrader,22039456f07541d8ba10f4efc199d438,AAPL,buy,market,fill,1,gtc,0.0,1,stock,165.19000244140625,10.0,0.0
2023-04-25 09:30:00-04:00,MLTrader,f4469a81b84e4e3cad891755c6bab839,AAPL,buy,market,new,1,gtc,0.0,1,stock,,,
2023-04-25 09:30:00-04:00,MLTrader,f4469a81b84e4e3cad891755c6bab839,AAPL,buy,market,fill,1,gtc,0.0,1,stock,163.05999755859375,10.0,0.0
2023-04-26 09:30:00-04:00,MLTrader,dbda05e299f3444d88db1ebf43678ab7,AAPL,buy,market,new,1,gtc,0.0,1,stock,,,
2023-04-26 09:30:00-04:00,MLTrader,dbda05e299f3444d88db1ebf43678ab7,AAPL,buy,market,fill,1,gtc,0.0,1,stock,165.19000244140625,10.0,0.0
2023-04-27 09:30:00-04:00,MLTrader,284691dd69f94701804463b1d8248d40,AAPL,buy,market,new,1,gtc,0.0,1,stock,,,
2023-04-27 09:30:00-04:00,MLTrader,284691dd69f94701804463b1d8248d40,AAPL,buy,market,fill,1,gtc,0.0,1,stock,168.49000549316406,10.0,0.0
2023-04-28 09:30:00-04:00,MLTrader,df2ca15975f8477d8973e9535eb12665,AAPL,buy,market,new,1,gtc,0.0,1,stock,,,
2023-04-28 09:30:00-04:00,MLTrader,df2ca15975f8477d8973e9535eb12665,AAPL,buy,market,fill,1,gtc,0.0,1,stock,168.49000549316406,10.0,0.0
2023-05-01 09:30:00-04:00,MLTrader,c1855d033c2d418da38dc62b79ccc05b,AAPL,buy,market,new,1,gtc,0.0,1,stock,,,
2023-05-01 09:30:00-04:00,MLTrader,c1855d033c2d418da38dc62b79ccc05b,AAPL,buy,market,fill,1,gtc,0.0,1,stock,170.08999633789062,10.0,0.0
2023-05-02 09:30:00-04:00,MLTrader,ddb19b89fb2344fdbc602bf03a4a0a70,AAPL,buy,market,new,1,gtc,0.0,1,stock,,,
2023-05-02 09:30:00-04:00,MLTrader,ddb19b89fb2344fdbc602bf03a4a0a70,AAPL,buy,market,fill,1,gtc,0.0,1,stock,169.5,10.0,0.0
2023-05-03 09:30:00-04:00,MLTrader,28d95b4534c54cdc87acfb43d8b2fe52,AAPL,buy,market,new,1,gtc,0.0,1,stock,,,
2023-05-03 09:30:00-04:00,MLTrader,28d95b4534c54cdc87acfb43d8b2fe52,AAPL,buy,market,fill,1,gtc,0.0,1,stock,164.88999938964844,10.0,0.0
2023-05-04 09:30:00-04:00,MLTrader,8a31f61516e840cca85a7306a4c5dbdf,AAPL,buy,market,new,1,gtc,0.0,1,stock,,,
2023-05-04 09:30:00-04:00,MLTrader,8a31f61516e840cca85a7306a4c5dbdf,AAPL,buy,market,fill,1,gtc,0.0,1,stock,170.97999572753906,10.0,0.0
2023-05-05 09:30:00-04:00,MLTrader,df32fe440c8e4ea099148dbea6637769,AAPL,buy,market,new,1,gtc,0.0,1,stock,,,
2023-05-05 09:30:00-04:00,MLTrader,df32fe440c8e4ea099148dbea6637769,AAPL,buy,market,fill,1,gtc,0.0,1,stock,170.97999572753906,10.0,0.0
2023-05-08 09:30:00-04:00,MLTrader,11c3b99865014f1e96f3a09ee5bd0946,AAPL,buy,market,new,1,gtc,0.0,1,stock,,,
2023-05-08 09:30:00-04:00,MLTrader,11c3b99865014f1e96f3a09ee5bd0946,AAPL,buy,market,fill,1,gtc,0.0,1,stock,173.0500030517578,10.0,0.0
2023-05-09 09:30:00-04:00,MLTrader,c5936173b6b74f61bde55ecd8bd15130,AAPL,buy,market,new,1,gtc,0.0,1,stock,,,
2023-05-09 09:30:00-04:00,MLTrader,c5936173b6b74f61bde55ecd8bd15130,AAPL,buy,market,fill,1,gtc,0.0,1,stock,173.02000427246094,10.0,0.0
2023-05-10 09:30:00-04:00,MLTrader,d12e2a8088734a339d1aab5c225734c7,AAPL,buy,market,new,1,gtc,0.0,1,stock,,,
2023-05-10 09:30:00-04:00,MLTrader,d12e2a8088734a339d1aab5c225734c7,AAPL,buy,market,fill,1,gtc,0.0,1,stock,173.85000610351562,10.0,0.0
2023-05-11 09:30:00-04:00,MLTrader,66013b7348174f22b7eb3759001b20a8,AAPL,buy,market,new,1,gtc,0.0,1,stock,,,
2023-05-11 09:30:00-04:00,MLTrader,66013b7348174f22b7eb3759001b20a8,AAPL,buy,market,fill,1,gtc,0.0,1,stock,173.6199951171875,10.0,0.0
2023-05-12 09:30:00-04:00,MLTrader,7c3f4b759e65452fbccbd8e1eb0e9255,AAPL,buy,market,new,1,gtc,0.0,1,stock,,,
2023-05-12 09:30:00-04:00,MLTrader,7c3f4b759e65452fbccbd8e1eb0e9255,AAPL,buy,market,fill,1,gtc,0.0,1,stock,173.6199951171875,10.0,0.0
2023-05-15 09:30:00-04:00,MLTrader,cf46bdecfc774cd2be51fd274107facb,AAPL,buy,market,new,1,gtc,0.0,1,stock,,,
2023-05-15 09:30:00-04:00,MLTrader,cf46bdecfc774cd2be51fd274107facb,AAPL,buy,market,fill,1,gtc,0.0,1,stock,171.99000549316406,10.0,0.0
2023-05-16 09:30:00-04:00,MLTrader,a891311b72704ff2a71ddfd48e80b520,AAPL,buy,market,new,1,gtc,0.0,1,stock,,,
2023-05-16 09:30:00-04:00,MLTrader,a891311b72704ff2a71ddfd48e80b520,AAPL,buy,market,fill,1,gtc,0.0,1,stock,171.7100067138672,10.0,0.0
2023-05-17 09:30:00-04:00,MLTrader,105ef4a547c34f7e8b708e94be755ecd,AAPL,buy,market,new,1,gtc,0.0,1,stock,,,
2023-05-17 09:30:00-04:00,MLTrader,105ef4a547c34f7e8b708e94be755ecd,AAPL,buy,market,fill,1,gtc,0.0,1,stock,173.0,10.0,0.0
2023-05-18 09:30:00-04:00,MLTrader,6f2109e5f48f49f59a956e782a520277,AAPL,buy,market,new,1,gtc,0.0,1,stock,,,
2023-05-18 09:30:00-04:00,MLTrader,6f2109e5f48f49f59a956e782a520277,AAPL,buy,market,fill,1,gtc,0.0,1,stock,176.38999938964844,10.0,0.0
2023-05-19 09:30:00-04:00,MLTrader,bb9484a385f4461cbad20efdcbb94b5c,AAPL,buy,market,new,1,gtc,0.0,1,stock,,,
2023-05-19 09:30:00-04:00,MLTrader,bb9484a385f4461cbad20efdcbb94b5c,AAPL,buy,market,fill,1,gtc,0.0,1,stock,176.38999938964844,10.0,0.0
2023-05-22 09:30:00-04:00,MLTrader,84f8d889313c4daf808996b5cc06dbb7,AAPL,buy,market,new,1,gtc,0.0,1,stock,,,
2023-05-22 09:30:00-04:00,MLTrader,84f8d889313c4daf808996b5cc06dbb7,AAPL,buy,market,fill,1,gtc,0.0,1,stock,173.1300048828125,10.0,0.0
2023-05-23 09:30:00-04:00,MLTrader,12143fc62d6344228478e804ff63c319,AAPL,buy,market,new,1,gtc,0.0,1,stock,,,
2023-05-23 09:30:00-04:00,MLTrader,12143fc62d6344228478e804ff63c319,AAPL,buy,market,fill,1,gtc,0.0,1,stock,171.08999633789062,10.0,0.0
2023-05-24 09:30:00-04:00,MLTrader,2b8736d66022466eb6e3c4edc54fa49c,AAPL,buy,market,new,1,gtc,0.0,1,stock,,,
2023-05-24 09:30:00-04:00,MLTrader,2b8736d66022466eb6e3c4edc54fa49c,AAPL,buy,market,fill,1,gtc,0.0,1,stock,172.41000366210938,10.0,0.0
2023-05-25 09:30:00-04:00,MLTrader,0a852fb378d546468b51cfbdb1a65005,AAPL,buy,market,new,1,gtc,0.0,1,stock,,,
2023-05-25 09:30:00-04:00,MLTrader,0a852fb378d546468b51cfbdb1a65005,AAPL,buy,market,fill,1,gtc,0.0,1,stock,173.32000732421875,10.0,0.0
2023-05-26 09:30:00-04:00,MLTrader,70e8789a9d0846b9bd38c996c44c5864,AAPL,buy,market,new,1,gtc,0.0,1,stock,,,
2023-05-26 09:30:00-04:00,MLTrader,70e8789a9d0846b9bd38c996c44c5864,AAPL,buy,market,fill,1,gtc,0.0,1,stock,173.32000732421875,10.0,0.0
2023-05-30 09:30:00-04:00,MLTrader,af556b8d6efd40af94ea8f91a08436c4,AAPL,buy,market,new,1,gtc,0.0,1,stock,,,
2023-05-30 09:30:00-04:00,MLTrader,af556b8d6efd40af94ea8f91a08436c4,AAPL,buy,market,fill,1,gtc,0.0,1,stock,177.3300018310547,10.0,0.0
2023-05-31 09:30:00-04:00,MLTrader,29ff40618ee74c70a59d5322d4317403,AAPL,buy,market,new,1,gtc,0.0,1,stock,,,
2023-05-31 09:30:00-04:00,MLTrader,29ff40618ee74c70a59d5322d4317403,AAPL,buy,market,fill,1,gtc,0.0,1,stock,177.6999969482422,10.0,0.0
2023-06-01 09:30:00-04:00,MLTrader,6b3972ad72d24ef4bf4ce30b6b8517ee,AAPL,buy,market,new,1,gtc,0.0,1,stock,,,
2023-06-01 09:30:00-04:00,MLTrader,6b3972ad72d24ef4bf4ce30b6b8517ee,AAPL,buy,market,fill,1,gtc,0.0,1,stock,181.02999877929688,10.0,0.0
2023-06-02 09:30:00-04:00,MLTrader,b5aa84cfcf744fcfa11952577b7cad62,AAPL,buy,market,new,1,gtc,0.0,1,stock,,,
2023-06-02 09:30:00-04:00,MLTrader,b5aa84cfcf744fcfa11952577b7cad62,AAPL,buy,market,fill,1,gtc,0.0,1,stock,181.02999877929688,10.0,0.0
2023-06-05 09:30:00-04:00,MLTrader,fe8b5f69945c45fdbc2c23acb55f812b,AAPL,buy,market,new,1,gtc,0.0,1,stock,,,
2023-06-05 09:30:00-04:00,MLTrader,fe8b5f69945c45fdbc2c23acb55f812b,AAPL,buy,market,fill,1,gtc,0.0,1,stock,179.97000122070312,10.0,0.0
2023-06-06 09:30:00-04:00,MLTrader,2ae46034bbb842cc8c2eec5d8370f7cb,AAPL,buy,market,new,1,gtc,0.0,1,stock,,,
2023-06-06 09:30:00-04:00,MLTrader,2ae46034bbb842cc8c2eec5d8370f7cb,AAPL,buy,market,fill,1,gtc,0.0,1,stock,178.44000244140625,10.0,0.0
2023-06-07 09:30:00-04:00,MLTrader,f81c2158f9794b6383f9e512cd061e90,AAPL,buy,market,new,1,gtc,0.0,1,stock,,,
2023-06-07 09:30:00-04:00,MLTrader,f81c2158f9794b6383f9e512cd061e90,AAPL,buy,market,fill,1,gtc,0.0,1,stock,177.89999389648438,10.0,0.0
2023-06-08 09:30:00-04:00,MLTrader,e370b5cdade74dd5ac5d83b63938b6c9,AAPL,buy,market,new,1,gtc,0.0,1,stock,,,
2023-06-08 09:30:00-04:00,MLTrader,e370b5cdade74dd5ac5d83b63938b6c9,AAPL,buy,market,fill,1,gtc,0.0,1,stock,181.5,10.0,0.0
2023-06-09 09:30:00-04:00,MLTrader,44810bd4779c4ccd90dacd0ae77890cb,AAPL,buy,market,new,1,gtc,0.0,1,stock,,,
2023-06-09 09:30:00-04:00,MLTrader,44810bd4779c4ccd90dacd0ae77890cb,AAPL,buy,market,fill,1,gtc,0.0,1,stock,181.5,10.0,0.0
2023-06-12 09:30:00-04:00,MLTrader,3e117644a6154fe9b145d981f7f28f63,AAPL,buy,market,new,1,gtc,0.0,1,stock,,,
2023-06-12 09:30:00-04:00,MLTrader,3e117644a6154fe9b145d981f7f28f63,AAPL,buy,market,fill,1,gtc,0.0,1,stock,182.8000030517578,10.0,0.0
2023-06-13 09:30:00-04:00,MLTrader,b91da453e2bc4b528e5b008ea9f3acaa,AAPL,buy,market,new,1,gtc,0.0,1,stock,,,
2023-06-13 09:30:00-04:00,MLTrader,b91da453e2bc4b528e5b008ea9f3acaa,AAPL,buy,market,fill,1,gtc,0.0,1,stock,183.3699951171875,10.0,0.0
2023-06-14 09:30:00-04:00,MLTrader,a4ed489ff25f4d49b0289a383c4972a7,AAPL,buy,market,new,1,gtc,0.0,1,stock,,,
2023-06-14 09:30:00-04:00,MLTrader,a4ed489ff25f4d49b0289a383c4972a7,AAPL,buy,market,fill,1,gtc,0.0,1,stock,183.9600067138672,10.0,0.0
2023-06-15 09:30:00-04:00,MLTrader,3cd42f792d1e4afeaf52ba7e4332e852,AAPL,buy,market,new,1,gtc,0.0,1,stock,,,
2023-06-15 09:30:00-04:00,MLTrader,3cd42f792d1e4afeaf52ba7e4332e852,AAPL,buy,market,fill,1,gtc,0.0,1,stock,186.72999572753906,10.0,0.0
2023-06-16 09:30:00-04:00,MLTrader,be665beb74944c00841f7092a899ab73,AAPL,buy,market,new,1,gtc,0.0,1,stock,,,
2023-06-16 09:30:00-04:00,MLTrader,be665beb74944c00841f7092a899ab73,AAPL,buy,market,fill,1,gtc,0.0,1,stock,186.72999572753906,10.0,0.0
2023-06-20 09:30:00-04:00,MLTrader,83066e1afdf24d56a78c684fddd2a2b5,AAPL,buy,market,new,1,gtc,0.0,1,stock,,,
2023-06-20 09:30:00-04:00,MLTrader,83066e1afdf24d56a78c684fddd2a2b5,AAPL,buy,market,fill,1,gtc,0.0,1,stock,184.89999389648438,10.0,0.0
2023-06-21 09:30:00-04:00,MLTrader,cc4fb89084ac4209b183e2f7309830d4,AAPL,buy,market,new,1,gtc,0.0,1,stock,,,
2023-06-21 09:30:00-04:00,MLTrader,cc4fb89084ac4209b183e2f7309830d4,AAPL,buy,market,fill,1,gtc,0.0,1,stock,183.74000549316406,10.0,0.0
2023-06-22 09:30:00-04:00,MLTrader,dbfeeb2fdc6a4d088cb043222d0fd322,AAPL,buy,market,new,1,gtc,0.0,1,stock,,,
2023-06-22 09:30:00-04:00,MLTrader,dbfeeb2fdc6a4d088cb043222d0fd322,AAPL,buy,market,fill,1,gtc,0.0,1,stock,185.5500030517578,10.0,0.0
2023-06-23 09:30:00-04:00,MLTrader,a0affa2ea85640c0a6cd270645927b1b,AAPL,buy,market,new,1,gtc,0.0,1,stock,,,
2023-06-23 09:30:00-04:00,MLTrader,a0affa2ea85640c0a6cd270645927b1b,AAPL,buy,market,fill,1,gtc,0.0,1,stock,185.5500030517578,10.0,0.0
2023-06-26 09:30:00-04:00,MLTrader,eb48c19fce8d46eda7725450e60ff764,AAPL,buy,market,new,1,gtc,0.0,1,stock,,,
2023-06-26 09:30:00-04:00,MLTrader,eb48c19fce8d46eda7725450e60ff764,AAPL,buy,market,fill,1,gtc,0.0,1,stock,185.88999938964844,10.0,0.0
2023-06-27 09:30:00-04:00,MLTrader,2bbf1fa27dbf44cf9d7492c5a5838e4e,AAPL,buy,market,new,1,gtc,0.0,1,stock,,,
2023-06-27 09:30:00-04:00,MLTrader,2bbf1fa27dbf44cf9d7492c5a5838e4e,AAPL,buy,market,fill,1,gtc,0.0,1,stock,187.92999267578125,10.0,0.0
2023-06-28 09:30:00-04:00,MLTrader,a0ddacd8addd4feca4a5d0ffb41e03fe,AAPL,buy,market,new,1,gtc,0.0,1,stock,,,
2023-06-28 09:30:00-04:00,MLTrader,a0ddacd8addd4feca4a5d0ffb41e03fe,AAPL,buy,market,fill,1,gtc,0.0,1,stock,189.0800018310547,10.0,0.0
2023-06-29 09:30:00-04:00,MLTrader,541f86dcef8f489282bcd7443ccdf513,AAPL,buy,market,new,1,gtc,0.0,1,stock,,,
2023-06-29 09:30:00-04:00,MLTrader,541f86dcef8f489282bcd7443ccdf513,AAPL,buy,market,fill,1,gtc,0.0,1,stock,191.6300048828125,10.0,0.0
2023-06-30 09:30:00-04:00,MLTrader,469384d05c2c42ed82e68ce9e8b00c21,AAPL,buy,market,new,1,gtc,0.0,1,stock,,,
2023-06-30 09:30:00-04:00,MLTrader,469384d05c2c42ed82e68ce9e8b00c21,AAPL,buy,market,fill,1,gtc,0.0,1,stock,191.6300048828125,10.0,0.0
2023-07-03 09:30:00-04:00,MLTrader,73286325a29d4154b053d36d0e813e98,AAPL,buy,market,new,1,gtc,0.0,1,stock,,,
2023-07-03 09:30:00-04:00,MLTrader,73286325a29d4154b053d36d0e813e98,AAPL,buy,market,fill,1,gtc,0.0,1,stock,193.77999877929688,10.0,0.0
2023-07-05 09:30:00-04:00,MLTrader,eee4484e95eb4e94aa9c9837918a63b5,AAPL,buy,market,new,1,gtc,0.0,1,stock,,,
2023-07-05 09:30:00-04:00,MLTrader,eee4484e95eb4e94aa9c9837918a63b5,AAPL,buy,market,fill,1,gtc,0.0,1,stock,189.83999633789062,10.0,0.0
2023-07-06 09:30:00-04:00,MLTrader,6c6ce44dc7c8498fb03655981e2f89c5,AAPL,buy,market,new,1,gtc,0.0,1,stock,,,
2023-07-06 09:30:00-04:00,MLTrader,6c6ce44dc7c8498fb03655981e2f89c5,AAPL,buy,market,fill,1,gtc,0.0,1,stock,191.41000366210938,10.0,0.0
2023-07-07 09:30:00-04:00,MLTrader,55e2827716164c1eaf62b88e5618bbf0,AAPL,buy,market,new,1,gtc,0.0,1,stock,,,
2023-07-07 09:30:00-04:00,MLTrader,55e2827716164c1eaf62b88e5618bbf0,AAPL,buy,market,fill,1,gtc,0.0,1,stock,191.41000366210938,10.0,0.0
2023-07-10 09:30:00-04:00,MLTrader,929fa836d3654c489fa7e8d6fd7e4665,AAPL,buy,market,new,1,gtc,0.0,1,stock,,,
2023-07-10 09:30:00-04:00,MLTrader,929fa836d3654c489fa7e8d6fd7e4665,AAPL,buy,market,fill,1,gtc,0.0,1,stock,189.16000366210938,10.0,0.0
2023-07-11 09:30:00-04:00,MLTrader,438d44963e3a45458a373d7c792855cf,AAPL,buy,market,new,1,gtc,0.0,1,stock,,,
2023-07-11 09:30:00-04:00,MLTrader,438d44963e3a45458a373d7c792855cf,AAPL,buy,market,fill,1,gtc,0.0,1,stock,189.67999267578125,10.0,0.0
2023-07-12 09:30:00-04:00,MLTrader,83f905fa5735444384ddd697e1f7f3e0,AAPL,buy,market,new,1,gtc,0.0,1,stock,,,
2023-07-12 09:30:00-04:00,MLTrader,83f905fa5735444384ddd697e1f7f3e0,AAPL,buy,market,fill,1,gtc,0.0,1,stock,190.5,10.0,0.0
2023-07-13 09:30:00-04:00,MLTrader,1ff89ee66c334f03b13529d89296b090,AAPL,buy,market,new,1,gtc,0.0,1,stock,,,
2023-07-13 09:30:00-04:00,MLTrader,1ff89ee66c334f03b13529d89296b090,AAPL,buy,market,fill,1,gtc,0.0,1,stock,190.22999572753906,10.0,0.0
2023-07-14 09:30:00-04:00,MLTrader,54147e960cbc46d3aac5bf8cd96d3d2a,AAPL,buy,market,new,1,gtc,0.0,1,stock,,,
2023-07-14 09:30:00-04:00,MLTrader,54147e960cbc46d3aac5bf8cd96d3d2a,AAPL,buy,market,fill,1,gtc,0.0,1,stock,190.22999572753906,10.0,0.0
2023-07-17 09:30:00-04:00,MLTrader,c53b81dec46d49a08ed4943ecf950d64,AAPL,buy,market,new,1,gtc,0.0,1,stock,,,
2023-07-17 09:30:00-04:00,MLTrader,c53b81dec46d49a08ed4943ecf950d64,AAPL,buy,market,fill,1,gtc,0.0,1,stock,193.35000610351562,10.0,0.0
2023-07-18 09:30:00-04:00,MLTrader,eb79efc8f1a84c0cb184a353466c4146,AAPL,buy,market,new,1,gtc,0.0,1,stock,,,
2023-07-18 09:30:00-04:00,MLTrader,eb79efc8f1a84c0cb184a353466c4146,AAPL,buy,market,fill,1,gtc,0.0,1,stock,193.10000610351562,10.0,0.0
2023-07-19 09:30:00-04:00,MLTrader,75ab798cc6994c3e9d99f1e2284fc7fa,AAPL,buy,market,new,1,gtc,0.0,1,stock,,,
2023-07-19 09:30:00-04:00,MLTrader,75ab798cc6994c3e9d99f1e2284fc7fa,AAPL,buy,market,fill,1,gtc,0.0,1,stock,195.08999633789062,10.0,0.0
2023-07-20 09:30:00-04:00,MLTrader,b1a547b8590541e2852f76dc9b986d8a,AAPL,buy,market,new,1,gtc,0.0,1,stock,,,
2023-07-20 09:30:00-04:00,MLTrader,b1a547b8590541e2852f76dc9b986d8a,AAPL,buy,market,fill,1,gtc,0.0,1,stock,194.10000610351562,10.0,0.0
2023-07-21 09:30:00-04:00,MLTrader,9e5208d8ab784f3a820fcd4aa7be2004,AAPL,buy,market,new,1,gtc,0.0,1,stock,,,
2023-07-21 09:30:00-04:00,MLTrader,9e5208d8ab784f3a820fcd4aa7be2004,AAPL,buy,market,fill,1,gtc,0.0,1,stock,194.10000610351562,10.0,0.0
2023-07-24 09:30:00-04:00,MLTrader,d788c1d2d82c4142b771d13947166a1c,AAPL,buy,market,new,1,gtc,0.0,1,stock,,,
2023-07-24 09:30:00-04:00,MLTrader,d788c1d2d82c4142b771d13947166a1c,AAPL,buy,market,fill,1,gtc,0.0,1,stock,193.3300018310547,10.0,0.0
2023-07-25 09:30:00-04:00,MLTrader,8c81eb6f031d4ec0b7e337f94dd17753,AAPL,buy,market,new,1,gtc,0.0,1,stock,,,
2023-07-25 09:30:00-04:00,MLTrader,8c81eb6f031d4ec0b7e337f94dd17753,AAPL,buy,market,fill,1,gtc,0.0,1,stock,193.6699981689453,10.0,0.0
2023-07-26 09:30:00-04:00,MLTrader,926f06b00e174473a1e9ba4b0e8d95b4,AAPL,buy,market,new,1,gtc,0.0,1,stock,,,
2023-07-26 09:30:00-04:00,MLTrader,926f06b00e174473a1e9ba4b0e8d95b4,AAPL,buy,market,fill,1,gtc,0.0,1,stock,196.02000427246094,10.0,0.0
2023-07-27 09:30:00-04:00,MLTrader,2e3d4d9e5241454ea49954d0352c4a8c,AAPL,buy,market,new,1,gtc,0.0,1,stock,,,
2023-07-27 09:30:00-04:00,MLTrader,2e3d4d9e5241454ea49954d0352c4a8c,AAPL,buy,market,fill,1,gtc,0.0,1,stock,194.6699981689453,10.0,0.0
2023-07-28 09:30:00-04:00,MLTrader,32722431b2464838854b0b4d50fab1e4,AAPL,buy,market,new,1,gtc,0.0,1,stock,,,
2023-07-28 09:30:00-04:00,MLTrader,32722431b2464838854b0b4d50fab1e4,AAPL,buy,market,fill,1,gtc,0.0,1,stock,194.6699981689453,10.0,0.0
2023-07-31 09:30:00-04:00,MLTrader,4aa6717109de4271a71aa0d71c0f1482,AAPL,buy,market,new,1,gtc,0.0,1,stock,,,
2023-07-31 09:30:00-04:00,MLTrader,4aa6717109de4271a71aa0d71c0f1482,AAPL,buy,market,fill,1,gtc,0.0,1,stock,196.24000549316406,10.0,0.0
2023-08-01 09:30:00-04:00,MLTrader,2fdb5adacf3b448099f42ecc9b7fc92f,AAPL,buy,market,new,1,gtc,0.0,1,stock,,,
2023-08-01 09:30:00-04:00,MLTrader,2fdb5adacf3b448099f42ecc9b7fc92f,AAPL,buy,market,fill,1,gtc,0.0,1,stock,195.0399932861328,10.0,0.0
2023-08-02 09:30:00-04:00,MLTrader,227d5b490eb245aca0afe2fad50620e4,AAPL,buy,market,new,1,gtc,0.0,1,stock,,,
2023-08-02 09:30:00-04:00,MLTrader,227d5b490eb245aca0afe2fad50620e4,AAPL,buy,market,fill,1,gtc,0.0,1,stock,191.57000732421875,10.0,0.0
2023-08-03 09:30:00-04:00,MLTrader,0df20330d0ff409c93a9dffcb2d99b0f,AAPL,buy,market,new,1,gtc,0.0,1,stock,,,
2023-08-03 09:30:00-04:00,MLTrader,0df20330d0ff409c93a9dffcb2d99b0f,AAPL,buy,market,fill,1,gtc,0.0,1,stock,185.52000427246094,10.0,0.0
2023-08-04 09:30:00-04:00,MLTrader,a7faa0fc1cb04a4882e2600cea9a0e38,AAPL,buy,market,new,1,gtc,0.0,1,stock,,,
2023-08-04 09:30:00-04:00,MLTrader,a7faa0fc1cb04a4882e2600cea9a0e38,AAPL,buy,market,fill,1,gtc,0.0,1,stock,185.52000427246094,10.0,0.0
2023-08-07 09:30:00-04:00,MLTrader,5ba1d2538fa14ccf9f3f8d44814975ae,AAPL,buy,market,new,1,gtc,0.0,1,stock,,,
2023-08-07 09:30:00-04:00,MLTrader,5ba1d2538fa14ccf9f3f8d44814975ae,AAPL,buy,market,fill,1,gtc,0.0,1,stock,179.69000244140625,10.0,0.0
2023-08-08 09:30:00-04:00,MLTrader,e438eb97f33c48ac9b1e8706f7e8bf5a,AAPL,buy,market,new,1,gtc,0.0,1,stock,,,
2023-08-08 09:30:00-04:00,MLTrader,e438eb97f33c48ac9b1e8706f7e8bf5a,AAPL,buy,market,fill,1,gtc,0.0,1,stock,180.8699951171875,10.0,0.0
2023-08-09 09:30:00-04:00,MLTrader,18f60905fbd6406c8a81f627bbff8c6b,AAPL,buy,market,new,1,gtc,0.0,1,stock,,,
2023-08-09 09:30:00-04:00,MLTrader,18f60905fbd6406c8a81f627bbff8c6b,AAPL,buy,market,fill,1,gtc,0.0,1,stock,179.47999572753906,10.0,0.0
2023-08-10 09:30:00-04:00,MLTrader,08e02434d98449498b6450bdce596fb4,AAPL,buy,market,new,1,gtc,0.0,1,stock,,,
2023-08-10 09:30:00-04:00,MLTrader,08e02434d98449498b6450bdce596fb4,AAPL,buy,market,fill,1,gtc,0.0,1,stock,177.32000732421875,10.0,0.0
2023-08-11 09:30:00-04:00,MLTrader,dfdf59d3fa9e4c12b961eff134681982,AAPL,buy,market,new,1,gtc,0.0,1,stock,,,
2023-08-11 09:30:00-04:00,MLTrader,dfdf59d3fa9e4c12b961eff134681982,AAPL,buy,market,fill,1,gtc,0.0,1,stock,177.32000732421875,10.0,0.0
2023-08-14 09:30:00-04:00,MLTrader,86d999424e1d4c9080a6b59c40cdcd07,AAPL,buy,market,new,1,gtc,0.0,1,stock,,,
2023-08-14 09:30:00-04:00,MLTrader,86d999424e1d4c9080a6b59c40cdcd07,AAPL,buy,market,fill,1,gtc,0.0,1,stock,178.8800048828125,10.0,0.0
2023-08-15 09:30:00-04:00,MLTrader,185196b72f9c442080b127216a960278,AAPL,buy,market,new,1,gtc,0.0,1,stock,,,
2023-08-15 09:30:00-04:00,MLTrader,185196b72f9c442080b127216a960278,AAPL,buy,market,fill,1,gtc,0.0,1,stock,177.1300048828125,10.0,0.0
2023-08-16 09:30:00-04:00,MLTrader,0f8fd95e94ea47fcb69e18dd7cfa6d6b,AAPL,buy,market,new,1,gtc,0.0,1,stock,,,
2023-08-16 09:30:00-04:00,MLTrader,0f8fd95e94ea47fcb69e18dd7cfa6d6b,AAPL,buy,market,fill,1,gtc,0.0,1,stock,177.13999938964844,10.0,0.0
2023-08-17 09:30:00-04:00,MLTrader,fb4ef3dc0d4e444ba53e95e6c7661b0f,AAPL,buy,market,new,1,gtc,0.0,1,stock,,,
2023-08-17 09:30:00-04:00,MLTrader,fb4ef3dc0d4e444ba53e95e6c7661b0f,AAPL,buy,market,fill,1,gtc,0.0,1,stock,172.3000030517578,10.0,0.0
2023-08-18 09:30:00-04:00,MLTrader,8ce034dc15e3497bae34d51ce5e33413,AAPL,buy,market,new,1,gtc,0.0,1,stock,,,
2023-08-18 09:30:00-04:00,MLTrader,8ce034dc15e3497bae34d51ce5e33413,AAPL,buy,market,fill,1,gtc,0.0,1,stock,172.3000030517578,10.0,0.0
2023-08-21 09:30:00-04:00,MLTrader,13866a12757c4c9f8736a00786738ff6,AAPL,buy,market,new,1,gtc,0.0,1,stock,,,
2023-08-21 09:30:00-04:00,MLTrader,13866a12757c4c9f8736a00786738ff6,AAPL,buy,market,fill,1,gtc,0.0,1,stock,177.05999755859375,10.0,0.0
2023-08-22 09:30:00-04:00,MLTrader,db3ee4a6972f45c1bd37acd2d965b9fb,AAPL,buy,market,new,1,gtc,0.0,1,stock,,,
2023-08-22 09:30:00-04:00,MLTrader,db3ee4a6972f45c1bd37acd2d965b9fb,AAPL,buy,market,fill,1,gtc,0.0,1,stock,178.52000427246094,10.0,0.0
2023-08-23 09:30:00-04:00,MLTrader,73f20ad5a5254c728bdc4e6754a13998,AAPL,buy,market,new,1,gtc,0.0,1,stock,,,
2023-08-23 09:30:00-04:00,MLTrader,73f20ad5a5254c728bdc4e6754a13998,AAPL,buy,market,fill,1,gtc,0.0,1,stock,180.6699981689453,10.0,0.0
2023-08-24 09:30:00-04:00,MLTrader,626f839aa9694f5a9bed0466873fa380,AAPL,buy,market,new,1,gtc,0.0,1,stock,,,
2023-08-24 09:30:00-04:00,MLTrader,626f839aa9694f5a9bed0466873fa380,AAPL,buy,market,fill,1,gtc,0.0,1,stock,177.3800048828125,10.0,0.0
2023-08-25 09:30:00-04:00,MLTrader,87b9b16f23bb475795538d97cc48b702,AAPL,buy,market,new,1,gtc,0.0,1,stock,,,
2023-08-25 09:30:00-04:00,MLTrader,87b9b16f23bb475795538d97cc48b702,AAPL,buy,market,fill,1,gtc,0.0,1,stock,177.3800048828125,10.0,0.0
2023-08-28 09:30:00-04:00,MLTrader,05139b13ac6f4b85b9667d20a4efc307,AAPL,buy,market,new,1,gtc,0.0,1,stock,,,
2023-08-28 09:30:00-04:00,MLTrader,05139b13ac6f4b85b9667d20a4efc307,AAPL,buy,market,fill,1,gtc,0.0,1,stock,179.6999969482422,10.0,0.0
2023-08-29 09:30:00-04:00,MLTrader,878335cf6ee04ab68e3e9e562615ce70,AAPL,buy,market,new,1,gtc,0.0,1,stock,,,
2023-08-29 09:30:00-04:00,MLTrader,878335cf6ee04ab68e3e9e562615ce70,AAPL,buy,market,fill,1,gtc,0.0,1,stock,184.94000244140625,10.0,0.0
2023-08-30 09:30:00-04:00,MLTrader,a7b33c8a122c4366ab1701c8210bbf24,AAPL,buy,market,new,1,gtc,0.0,1,stock,,,
2023-08-30 09:30:00-04:00,MLTrader,a7b33c8a122c4366ab1701c8210bbf24,AAPL,buy,market,fill,1,gtc,0.0,1,stock,187.83999633789062,10.0,0.0
2023-08-31 09:30:00-04:00,MLTrader,2438e8150a0c4c3bb73edcd188d943e6,AAPL,buy,market,new,1,gtc,0.0,1,stock,,,
2023-08-31 09:30:00-04:00,MLTrader,2438e8150a0c4c3bb73edcd188d943e6,AAPL,buy,market,fill,1,gtc,0.0,1,stock,189.49000549316406,10.0,0.0
2023-09-01 09:30:00-04:00,MLTrader,41c908801c2241a9ad26f275bb745a79,AAPL,buy,market,new,1,gtc,0.0,1,stock,,,
2023-09-01 09:30:00-04:00,MLTrader,41c908801c2241a9ad26f275bb745a79,AAPL,buy,market,fill,1,gtc,0.0,1,stock,189.49000549316406,10.0,0.0
2023-09-05 09:30:00-04:00,MLTrader,ebf5a74adaf344929954b27433c1224a,AAPL,buy,market,new,1,gtc,0.0,1,stock,,,
2023-09-05 09:30:00-04:00,MLTrader,ebf5a74adaf344929954b27433c1224a,AAPL,buy,market,fill,1,gtc,0.0,1,stock,188.39999389648438,10.0,0.0
2023-09-06 09:30:00-04:00,MLTrader,903268a6224c4c7f9d65bea831ee8ac1,AAPL,buy,market,new,1,gtc,0.0,1,stock,,,
2023-09-06 09:30:00-04:00,MLTrader,903268a6224c4c7f9d65bea831ee8ac1,AAPL,buy,market,fill,1,gtc,0.0,1,stock,175.17999267578125,10.0,0.0
2023-09-07 09:30:00-04:00,MLTrader,6ac5ba94b29141db8b6a19804a016ec5,AAPL,buy,market,new,1,gtc,0.0,1,stock,,,
2023-09-07 09:30:00-04:00,MLTrader,6ac5ba94b29141db8b6a19804a016ec5,AAPL,buy,market,fill,1,gtc,0.0,1,stock,178.35000610351562,10.0,0.0
2023-09-08 09:30:00-04:00,MLTrader,beea495e4efa483db471c72a1a9d45c4,AAPL,buy,market,new,1,gtc,0.0,1,stock,,,
2023-09-08 09:30:00-04:00,MLTrader,beea495e4efa483db471c72a1a9d45c4,AAPL,buy,market,fill,1,gtc,0.0,1,stock,178.35000610351562,10.0,0.0
2023-09-11 09:30:00-04:00,MLTrader,0932c6bec9da4e91ad10ed321bf7d768,AAPL,buy,market,new,1,gtc,0.0,1,stock,,,
2023-09-11 09:30:00-04:00,MLTrader,0932c6bec9da4e91ad10ed321bf7d768,AAPL,buy,market,fill,1,gtc,0.0,1,stock,179.49000549316406,10.0,0.0
2023-09-12 09:30:00-04:00,MLTrader,e99ceaa0f5994205b6d1121acc5f3bc2,AAPL,buy,market,new,1,gtc,0.0,1,stock,,,
2023-09-12 09:30:00-04:00,MLTrader,e99ceaa0f5994205b6d1121acc5f3bc2,AAPL,buy,market,fill,1,gtc,0.0,1,stock,176.50999450683594,10.0,0.0
2023-09-13 09:30:00-04:00,MLTrader,a8765c8d1d1d42d493edca7b00e811c4,AAPL,buy,market,new,1,gtc,0.0,1,stock,,,
2023-09-13 09:30:00-04:00,MLTrader,a8765c8d1d1d42d493edca7b00e811c4,AAPL,buy,market,fill,1,gtc,0.0,1,stock,174.0,10.0,0.0
2023-09-14 09:30:00-04:00,MLTrader,72f47f2fa44c4072a67569aaf53cded0,AAPL,buy,market,new,1,gtc,0.0,1,stock,,,
2023-09-14 09:30:00-04:00,MLTrader,72f47f2fa44c4072a67569aaf53cded0,AAPL,buy,market,fill,1,gtc,0.0,1,stock,176.47999572753906,10.0,0.0
2023-09-15 09:30:00-04:00,MLTrader,415590e03de94390880f9590683f7cf1,AAPL,buy,market,new,1,gtc,0.0,1,stock,,,
2023-09-15 09:30:00-04:00,MLTrader,415590e03de94390880f9590683f7cf1,AAPL,buy,market,fill,1,gtc,0.0,1,stock,176.47999572753906,10.0,0.0
2023-09-18 09:30:00-04:00,MLTrader,7efe989f89fb44c9ba3cd259d4217a76,AAPL,buy,market,new,1,gtc,0.0,1,stock,,,
2023-09-18 09:30:00-04:00,MLTrader,7efe989f89fb44c9ba3cd259d4217a76,AAPL,buy,market,fill,1,gtc,0.0,1,stock,177.52000427246094,10.0,0.0
2023-09-19 09:30:00-04:00,MLTrader,5d93bb6150474f1daa9696f2888603b0,AAPL,buy,market,new,1,gtc,0.0,1,stock,,,
2023-09-19 09:30:00-04:00,MLTrader,5d93bb6150474f1daa9696f2888603b0,AAPL,buy,market,fill,1,gtc,0.0,1,stock,179.25999450683594,10.0,0.0
2023-09-20 09:30:00-04:00,MLTrader,30c79d56b167462bb3f02f0c509fd695,AAPL,buy,market,new,1,gtc,0.0,1,stock,,,
2023-09-20 09:30:00-04:00,MLTrader,30c79d56b167462bb3f02f0c509fd695,AAPL,buy,market,fill,1,gtc,0.0,1,stock,174.5500030517578,10.0,0.0
2023-09-21 09:30:00-04:00,MLTrader,4d7c4e1b94224dc083fc308020627bbc,AAPL,buy,market,new,1,gtc,0.0,1,stock,,,
2023-09-21 09:30:00-04:00,MLTrader,4d7c4e1b94224dc083fc308020627bbc,AAPL,buy,market,fill,1,gtc,0.0,1,stock,174.6699981689453,10.0,0.0
2023-09-22 09:30:00-04:00,MLTrader,e61ba43a0bcf461b90a73ba8cae94bc4,AAPL,buy,market,new,1,gtc,0.0,1,stock,,,
2023-09-22 09:30:00-04:00,MLTrader,e61ba43a0bcf461b90a73ba8cae94bc4,AAPL,buy,market,fill,1,gtc,0.0,1,stock,174.6699981689453,10.0,0.0
2023-09-25 09:30:00-04:00,MLTrader,d8d5a4c4560b46fdaeabf9e9e0924830,AAPL,buy,market,new,1,gtc,0.0,1,stock,,,
2023-09-25 09:30:00-04:00,MLTrader,d8d5a4c4560b46fdaeabf9e9e0924830,AAPL,buy,market,fill,1,gtc,0.0,1,stock,174.82000732421875,10.0,0.0
2023-09-26 09:30:00-04:00,MLTrader,e875c874fe974704b6127b6cca45bc63,AAPL,buy,market,new,1,gtc,0.0,1,stock,,,
2023-09-26 09:30:00-04:00,MLTrader,e875c874fe974704b6127b6cca45bc63,AAPL,buy,market,fill,1,gtc,0.0,1,stock,172.6199951171875,10.0,0.0
2023-09-27 09:30:00-04:00,MLTrader,f8ac5dda487a4b62860eb81a79331422,AAPL,buy,market,new,1,gtc,0.0,1,stock,,,
2023-09-27 09:30:00-04:00,MLTrader,f8ac5dda487a4b62860eb81a79331422,AAPL,buy,market,fill,1,gtc,0.0,1,stock,169.33999633789062,10.0,0.0
2023-09-28 09:30:00-04:00,MLTrader,561e5eade7c44d859145fbcf2107faf0,AAPL,buy,market,new,1,gtc,0.0,1,stock,,,
2023-09-28 09:30:00-04:00,MLTrader,561e5eade7c44d859145fbcf2107faf0,AAPL,buy,market,fill,1,gtc,0.0,1,stock,172.02000427246094,10.0,0.0
2023-09-29 09:30:00-04:00,MLTrader,1a26cb65ab5c4bcda4348a5c278d8d0c,AAPL,buy,market,new,1,gtc,0.0,1,stock,,,
2023-09-29 09:30:00-04:00,MLTrader,1a26cb65ab5c4bcda4348a5c278d8d0c,AAPL,buy,market,fill,1,gtc,0.0,1,stock,172.02000427246094,10.0,0.0
2023-10-02 09:30:00-04:00,MLTrader,6bbe623fa92445678ac4dd1003c7bae3,AAPL,buy,market,new,1,gtc,0.0,1,stock,,,
2023-10-02 09:30:00-04:00,MLTrader,6bbe623fa92445678ac4dd1003c7bae3,AAPL,buy,market,fill,1,gtc,0.0,1,stock,172.25999450683594,10.0,0.0
2023-10-03 09:30:00-04:00,MLTrader,73dd876291ec43f0b08c78b84ef123c0,AAPL,buy,market,new,1,gtc,0.0,1,stock,,,
2023-10-03 09:30:00-04:00,MLTrader,73dd876291ec43f0b08c78b84ef123c0,AAPL,buy,market,fill,1,gtc,0.0,1,stock,171.08999633789062,10.0,0.0
2023-10-04 09:30:00-04:00,MLTrader,e4bff6575e1140de8c1a2665c2b09b0b,AAPL,buy,market,new,1,gtc,0.0,1,stock,,,
2023-10-04 09:30:00-04:00,MLTrader,e4bff6575e1140de8c1a2665c2b09b0b,AAPL,buy,market,fill,1,gtc,0.0,1,stock,173.7899932861328,10.0,0.0
2023-10-05 09:30:00-04:00,MLTrader,76d4feac7a484a4783e5c1205ac7f583,AAPL,buy,market,new,1,gtc,0.0,1,stock,,,
2023-10-05 09:30:00-04:00,MLTrader,76d4feac7a484a4783e5c1205ac7f583,AAPL,buy,market,fill,1,gtc,0.0,1,stock,173.8000030517578,10.0,0.0
2023-10-06 09:30:00-04:00,MLTrader,5c25817e5bde4ba69df8c7fe04764b41,AAPL,buy,market,new,1,gtc,0.0,1,stock,,,
2023-10-06 09:30:00-04:00,MLTrader,5c25817e5bde4ba69df8c7fe04764b41,AAPL,buy,market,fill,1,gtc,0.0,1,stock,173.8000030517578,10.0,0.0
2023-10-09 09:30:00-04:00,MLTrader,b19a0e7cd48344a0bd81b20a32e15637,AAPL,buy,market,new,1,gtc,0.0,1,stock,,,
2023-10-09 09:30:00-04:00,MLTrader,b19a0e7cd48344a0bd81b20a32e15637,AAPL,buy,market,fill,1,gtc,0.0,1,stock,178.10000610351562,10.0,0.0
2023-10-10 09:30:00-04:00,MLTrader,6523213c0fe04a88a89028bd375cd5ee,AAPL,buy,market,new,1,gtc,0.0,1,stock,,,
2023-10-10 09:30:00-04:00,MLTrader,6523213c0fe04a88a89028bd375cd5ee,AAPL,buy,market,fill,1,gtc,0.0,1,stock,178.1999969482422,10.0,0.0
2023-10-11 09:30:00-04:00,MLTrader,465bd0c2d0974c64837e137bc1dad21b,AAPL,buy,market,new,1,gtc,0.0,1,stock,,,
2023-10-11 09:30:00-04:00,MLTrader,465bd0c2d0974c64837e137bc1dad21b,AAPL,buy,market,fill,1,gtc,0.0,1,stock,180.07000732421875,10.0,0.0
2023-10-12 09:30:00-04:00,MLTrader,f770b659795c48688234fb541f3f3426,AAPL,buy,market,new,1,gtc,0.0,1,stock,,,
2023-10-12 09:30:00-04:00,MLTrader,f770b659795c48688234fb541f3f3426,AAPL,buy,market,fill,1,gtc,0.0,1,stock,181.4199981689453,10.0,0.0
2023-10-13 09:30:00-04:00,MLTrader,075c9ae4e33045a2933e2e05851b1bae,AAPL,buy,market,new,1,gtc,0.0,1,stock,,,
2023-10-13 09:30:00-04:00,MLTrader,075c9ae4e33045a2933e2e05851b1bae,AAPL,buy,market,fill,1,gtc,0.0,1,stock,181.4199981689453,10.0,0.0
2023-10-16 09:30:00-04:00,MLTrader,3199827062f842cd8fc15d0894fab57f,AAPL,buy,market,new,1,gtc,0.0,1,stock,,,
2023-10-16 09:30:00-04:00,MLTrader,3199827062f842cd8fc15d0894fab57f,AAPL,buy,market,fill,1,gtc,0.0,1,stock,176.64999389648438,10.0,0.0
2023-10-17 09:30:00-04:00,MLTrader,367d98f43acb4fafac2f3d3f3e606a7c,AAPL,buy,market,new,1,gtc,0.0,1,stock,,,
2023-10-17 09:30:00-04:00,MLTrader,367d98f43acb4fafac2f3d3f3e606a7c,AAPL,buy,market,fill,1,gtc,0.0,1,stock,175.5800018310547,10.0,0.0
2023-10-18 09:30:00-04:00,MLTrader,2774ea49c0fa4a728b7062b56c7ca574,AAPL,buy,market,new,1,gtc,0.0,1,stock,,,
2023-10-18 09:30:00-04:00,MLTrader,2774ea49c0fa4a728b7062b56c7ca574,AAPL,buy,market,fill,1,gtc,0.0,1,stock,176.0399932861328,10.0,0.0
2023-10-19 09:30:00-04:00,MLTrader,7f4a903ec0964dc8aded35b658ef53a1,AAPL,buy,market,new,1,gtc,0.0,1,stock,,,
2023-10-19 09:30:00-04:00,MLTrader,7f4a903ec0964dc8aded35b658ef53a1,AAPL,buy,market,fill,1,gtc,0.0,1,stock,175.30999755859375,10.0,0.0
2023-10-20 09:30:00-04:00,MLTrader,d0cd3d58f0954c67986a10265e65945f,AAPL,buy,market,new,1,gtc,0.0,1,stock,,,
2023-10-20 09:30:00-04:00,MLTrader,d0cd3d58f0954c67986a10265e65945f,AAPL,buy,market,fill,1,gtc,0.0,1,stock,175.30999755859375,10.0,0.0
2023-10-23 09:30:00-04:00,MLTrader,d21b9cac8b0844a0a151ee0f4342d528,AAPL,buy,market,new,1,gtc,0.0,1,stock,,,
2023-10-23 09:30:00-04:00,MLTrader,d21b9cac8b0844a0a151ee0f4342d528,AAPL,buy,market,fill,1,gtc,0.0,1,stock,173.0500030517578,10.0,0.0
2023-10-24 09:30:00-04:00,MLTrader,99c0c8ce9db841b38d7e56428925a174,AAPL,buy,market,new,1,gtc,0.0,1,stock,,,
2023-10-24 09:30:00-04:00,MLTrader,99c0c8ce9db841b38d7e56428925a174,AAPL,buy,market,fill,1,gtc,0.0,1,stock,171.8800048828125,10.0,0.0
2023-10-25 09:30:00-04:00,MLTrader,e2ef9cda0840407baf9d24c010a63d70,AAPL,buy,market,new,1,gtc,0.0,1,stock,,,
2023-10-25 09:30:00-04:00,MLTrader,e2ef9cda0840407baf9d24c010a63d70,AAPL,buy,market,fill,1,gtc,0.0,1,stock,170.3699951171875,10.0,0.0
2023-10-26 09:30:00-04:00,MLTrader,3e1953cc036e43df8a3a0af35bd29d84,AAPL,buy,market,new,1,gtc,0.0,1,stock,,,
2023-10-26 09:30:00-04:00,MLTrader,3e1953cc036e43df8a3a0af35bd29d84,AAPL,buy,market,fill,1,gtc,0.0,1,stock,166.91000366210938,10.0,0.0
2023-10-27 09:30:00-04:00,MLTrader,f3a8d45c33ef445fa788e57abc0a413e,AAPL,buy,market,new,1,gtc,0.0,1,stock,,,
2023-10-27 09:30:00-04:00,MLTrader,f3a8d45c33ef445fa788e57abc0a413e,AAPL,buy,market,fill,1,gtc,0.0,1,stock,166.91000366210938,10.0,0.0
2023-10-30 09:30:00-04:00,MLTrader,cf28e1d58d40451a93973e09b2a303de,AAPL,buy,market,new,1,gtc,0.0,1,stock,,,
2023-10-30 09:30:00-04:00,MLTrader,cf28e1d58d40451a93973e09b2a303de,AAPL,buy,market,fill,1,gtc,0.0,1,stock,169.35000610351562,10.0,0.0
2023-10-31 09:30:00-04:00,MLTrader,4cd393317a3e46f5aefe07ac1e0cc652,AAPL,buy,market,new,1,gtc,0.0,1,stock,,,
2023-10-31 09:30:00-04:00,MLTrader,4cd393317a3e46f5aefe07ac1e0cc652,AAPL,buy,market,fill,1,gtc,0.0,1,stock,171.0,10.0,0.0
2023-11-01 09:30:00-04:00,MLTrader,28bd8c4eb55b44e9a28843c661952a20,AAPL,buy,market,new,1,gtc,0.0,1,stock,,,
2023-11-01 09:30:00-04:00,MLTrader,28bd8c4eb55b44e9a28843c661952a20,AAPL,buy,market,fill,1,gtc,0.0,1,stock,175.52000427246094,10.0,0.0
2023-11-02 09:30:00-04:00,MLTrader,701f44523c53456db0fed6695db21708,AAPL,buy,market,new,1,gtc,0.0,1,stock,,,
2023-11-02 09:30:00-04:00,MLTrader,701f44523c53456db0fed6695db21708,AAPL,buy,market,fill,1,gtc,0.0,1,stock,174.24000549316406,10.0,0.0
2023-11-03 09:30:00-04:00,MLTrader,c428abf5c1004e32b76afbf070c4520a,AAPL,buy,market,new,1,gtc,0.0,1,stock,,,
2023-11-03 09:30:00-04:00,MLTrader,c428abf5c1004e32b76afbf070c4520a,AAPL,buy,market,fill,1,gtc,0.0,1,stock,174.24000549316406,10.0,0.0
2023-11-06 09:30:00-05:00,MLTrader,7e8afe97c69543a1a403d089db9e6b85,AAPL,buy,market,new,1,gtc,0.0,1,stock,,,
2023-11-06 09:30:00-05:00,MLTrader,7e8afe97c69543a1a403d089db9e6b85,AAPL,buy,market,fill,1,gtc,0.0,1,stock,176.3800048828125,10.0,0.0
2023-11-07 09:30:00-05:00,MLTrader,764ba0aedf0f4451bfcc245949ffee1f,AAPL,buy,market,new,1,gtc,0.0,1,stock,,,
2023-11-07 09:30:00-05:00,MLTrader,764ba0aedf0f4451bfcc245949ffee1f,AAPL,buy,market,fill,1,gtc,0.0,1,stock,179.17999267578125,10.0,0.0
2023-11-08 09:30:00-05:00,MLTrader,e6e856b1f84440158ca242def069ca48,AAPL,buy,market,new,1,gtc,0.0,1,stock,,,
2023-11-08 09:30:00-05:00,MLTrader,e6e856b1f84440158ca242def069ca48,AAPL,buy,market,fill,1,gtc,0.0,1,stock,182.35000610351562,10.0,0.0
2023-11-09 09:30:00-05:00,MLTrader,676f746cc1534a28a8bb84543b41216d,AAPL,buy,market,new,1,gtc,0.0,1,stock,,,
2023-11-09 09:30:00-05:00,MLTrader,676f746cc1534a28a8bb84543b41216d,AAPL,buy,market,fill,1,gtc,0.0,1,stock,182.9600067138672,10.0,0.0
2023-11-10 09:30:00-05:00,MLTrader,a5edd2f0fd3044b580657e5a8ae25826,AAPL,buy,market,new,1,gtc,0.0,1,stock,,,
2023-11-10 09:30:00-05:00,MLTrader,a5edd2f0fd3044b580657e5a8ae25826,AAPL,buy,market,fill,1,gtc,0.0,1,stock,183.97000122070312,10.0,0.0
2023-11-13 09:30:00-05:00,MLTrader,129f08f330d84ed6b387cc998b65a5e6,AAPL,buy,market,new,1,gtc,0.0,1,stock,,,
2023-11-13 09:30:00-05:00,MLTrader,129f08f330d84ed6b387cc998b65a5e6,AAPL,buy,market,fill,1,gtc,0.0,1,stock,185.82000732421875,10.0,0.0
2023-11-14 09:30:00-05:00,MLTrader,419688e7ed3e418bb9b8f50d7b978ff2,AAPL,buy,market,new,1,gtc,0.0,1,stock,,,
2023-11-14 09:30:00-05:00,MLTrader,419688e7ed3e418bb9b8f50d7b978ff2,AAPL,buy,market,fill,1,gtc,0.0,1,stock,187.6999969482422,10.0,0.0
2023-11-15 09:30:00-05:00,MLTrader,15daaf2f18c64bf59f6e8c81abc747ed,AAPL,buy,market,new,1,gtc,0.0,1,stock,,,
2023-11-15 09:30:00-05:00,MLTrader,15daaf2f18c64bf59f6e8c81abc747ed,AAPL,buy,market,fill,1,gtc,0.0,1,stock,187.85000610351562,10.0,0.0
2023-11-16 09:30:00-05:00,MLTrader,eabb3085dc374f31b679ca1e7f536c90,AAPL,buy,market,new,1,gtc,0.0,1,stock,,,
2023-11-16 09:30:00-05:00,MLTrader,eabb3085dc374f31b679ca1e7f536c90,AAPL,buy,market,fill,1,gtc,0.0,1,stock,189.57000732421875,10.0,0.0
2023-11-17 09:30:00-05:00,MLTrader,c19c49455a094d69a39cf970746cdf8c,AAPL,buy,market,new,1,gtc,0.0,1,stock,,,
2023-11-17 09:30:00-05:00,MLTrader,c19c49455a094d69a39cf970746cdf8c,AAPL,buy,market,fill,1,gtc,0.0,1,stock,190.25,10.0,0.0
2023-11-20 09:30:00-05:00,MLTrader,0d7e77a376af47edbb8f56c063e1d8a0,AAPL,buy,market,new,1,gtc,0.0,1,stock,,,
2023-11-20 09:30:00-05:00,MLTrader,0d7e77a376af47edbb8f56c063e1d8a0,AAPL,buy,market,fill,1,gtc,0.0,1,stock,189.88999938964844,10.0,0.0
2023-11-21 09:30:00-05:00,MLTrader,2f3f858757544b5fb90575f82eee54d1,AAPL,buy,market,new,1,gtc,0.0,1,stock,,,
2023-11-21 09:30:00-05:00,MLTrader,2f3f858757544b5fb90575f82eee54d1,AAPL,buy,market,fill,1,gtc,0.0,1,stock,191.41000366210938,10.0,0.0
2023-11-22 09:30:00-05:00,MLTrader,f0c551fc1ea14f0da272b8fbb3690e1a,AAPL,buy,market,new,1,gtc,0.0,1,stock,,,
2023-11-22 09:30:00-05:00,MLTrader,f0c551fc1ea14f0da272b8fbb3690e1a,AAPL,buy,market,fill,1,gtc,0.0,1,stock,191.49000549316406,10.0,0.0
2023-11-24 09:30:00-05:00,MLTrader,eaf9eda023124c689551f5086c79e656,AAPL,buy,market,new,1,gtc,0.0,1,stock,,,
2023-11-24 09:30:00-05:00,MLTrader,eaf9eda023124c689551f5086c79e656,AAPL,buy,market,fill,1,gtc,0.0,1,stock,190.8699951171875,10.0,0.0
2023-11-27 09:30:00-05:00,MLTrader,037a30ab73754387894bd648edb437eb,AAPL,buy,market,new,1,gtc,0.0,1,stock,,,
2023-11-27 09:30:00-05:00,MLTrader,037a30ab73754387894bd648edb437eb,AAPL,buy,market,fill,1,gtc,0.0,1,stock,189.9199981689453,10.0,0.0
2023-11-28 09:30:00-05:00,MLTrader,a608803ccb60466cbef77e5bd88d0418,AAPL,buy,market,new,1,gtc,0.0,1,stock,,,
2023-11-28 09:30:00-05:00,MLTrader,a608803ccb60466cbef77e5bd88d0418,AAPL,buy,market,fill,1,gtc,0.0,1,stock,189.77999877929688,10.0,0.0
2023-11-29 09:30:00-05:00,MLTrader,b1cad33a37f24bd0896c4955cf0e1f36,AAPL,buy,market,new,1,gtc,0.0,1,stock,,,
2023-11-29 09:30:00-05:00,MLTrader,b1cad33a37f24bd0896c4955cf0e1f36,AAPL,buy,market,fill,1,gtc,0.0,1,stock,190.89999389648438,10.0,0.0
2023-11-30 09:30:00-05:00,MLTrader,421c5b63c0d84bac926f2116d86bef6b,AAPL,buy,market,new,1,gtc,0.0,1,stock,,,
2023-11-30 09:30:00-05:00,MLTrader,421c5b63c0d84bac926f2116d86bef6b,AAPL,buy,market,fill,1,gtc,0.0,1,stock,189.83999633789062,10.0,0.0
2023-12-01 09:30:00-05:00,MLTrader,5cce59b3e0144e83a7069c34fb8be993,AAPL,buy,market,new,1,gtc,0.0,1,stock,,,
2023-12-01 09:30:00-05:00,MLTrader,5cce59b3e0144e83a7069c34fb8be993,AAPL,buy,market,fill,1,gtc,0.0,1,stock,190.3300018310547,10.0,0.0
2023-12-04 09:30:00-05:00,MLTrader,fe3641b877064955b2205afebc510a2e,AAPL,buy,market,new,1,gtc,0.0,1,stock,,,
2023-12-04 09:30:00-05:00,MLTrader,fe3641b877064955b2205afebc510a2e,AAPL,buy,market,fill,1,gtc,0.0,1,stock,189.97999572753906,10.0,0.0
2023-12-05 09:30:00-05:00,MLTrader,2dcbaed19755441bb0d5fad5c39aab4f,AAPL,buy,market,new,1,gtc,0.0,1,stock,,,
2023-12-05 09:30:00-05:00,MLTrader,2dcbaed19755441bb0d5fad5c39aab4f,AAPL,buy,market,fill,1,gtc,0.0,1,stock,190.2100067138672,10.0,0.0
2023-12-06 09:30:00-05:00,MLTrader,602b4f4effd848839be3f96749ac2606,AAPL,buy,market,new,1,gtc,0.0,1,stock,,,
2023-12-06 09:30:00-05:00,MLTrader,602b4f4effd848839be3f96749ac2606,AAPL,buy,market,fill,1,gtc,0.0,1,stock,194.4499969482422,10.0,0.0
2023-12-07 09:30:00-05:00,MLTrader,146c00756b024b509a970c7df5927463,AAPL,buy,market,new,1,gtc,0.0,1,stock,,,
2023-12-07 09:30:00-05:00,MLTrader,146c00756b024b509a970c7df5927463,AAPL,buy,market,fill,1,gtc,0.0,1,stock,193.6300048828125,10.0,0.0
2023-12-08 09:30:00-05:00,MLTrader,d1f205d59159449f9f2ec50aa48c8114,AAPL,buy,market,new,1,gtc,0.0,1,stock,,,
2023-12-08 09:30:00-05:00,MLTrader,d1f205d59159449f9f2ec50aa48c8114,AAPL,buy,market,fill,1,gtc,0.0,1,stock,194.1999969482422,10.0,0.0
2023-12-11 09:30:00-05:00,MLTrader,517bbb7d5a634528988762ee2d569100,AAPL,buy,market,new,1,gtc,0.0,1,stock,,,
2023-12-11 09:30:00-05:00,MLTrader,517bbb7d5a634528988762ee2d569100,AAPL,buy,market,fill,1,gtc,0.0,1,stock,193.11000061035156,10.0,0.0
2023-12-12 09:30:00-05:00,MLTrader,7a29b2ab68ac44e2bee53efe9b4505a0,AAPL,buy,market,new,1,gtc,0.0,1,stock,,,
2023-12-12 09:30:00-05:00,MLTrader,7a29b2ab68ac44e2bee53efe9b4505a0,AAPL,buy,market,fill,1,gtc,0.0,1,stock,193.0800018310547,10.0,0.0
2023-12-13 09:30:00-05:00,MLTrader,6f9531647c5a45f6abd4a2f17ab219e9,AAPL,buy,market,new,1,gtc,0.0,1,stock,,,
2023-12-13 09:30:00-05:00,MLTrader,6f9531647c5a45f6abd4a2f17ab219e9,AAPL,buy,market,fill,1,gtc,0.0,1,stock,195.08999633789062,10.0,0.0
2023-12-14 09:30:00-05:00,MLTrader,f14783b4c5dc4ff4bd1b3cd3589a4238,AAPL,buy,market,new,1,gtc,0.0,1,stock,,,
2023-12-14 09:30:00-05:00,MLTrader,f14783b4c5dc4ff4bd1b3cd3589a4238,AAPL,buy,market,fill,1,gtc,0.0,1,stock,198.02000427246094,10.0,0.0
2023-12-15 09:30:00-05:00,MLTrader,da98e694504b48d2b6419a15f374cd34,AAPL,buy,market,new,1,gtc,0.0,1,stock,,,
2023-12-15 09:30:00-05:00,MLTrader,da98e694504b48d2b6419a15f374cd34,AAPL,buy,market,fill,1,gtc,0.0,1,stock,197.52999877929688,10.0,0.0
2023-12-18 09:30:00-05:00,MLTrader,7e3a4c7b0dc34f73b732059129b6d406,AAPL,buy,market,new,1,gtc,0.0,1,stock,,,
2023-12-18 09:30:00-05:00,MLTrader,7e3a4c7b0dc34f73b732059129b6d406,AAPL,buy,market,fill,1,gtc,0.0,1,stock,196.08999633789062,10.0,0.0
2023-12-19 09:30:00-05:00,MLTrader,0132077cdc8c45229552743407896d1f,AAPL,buy,market,new,1,gtc,0.0,1,stock,,,
2023-12-19 09:30:00-05:00,MLTrader,0132077cdc8c45229552743407896d1f,AAPL,buy,market,fill,1,gtc,0.0,1,stock,196.16000366210938,10.0,0.0
2023-12-20 09:30:00-05:00,MLTrader,8f663d2523a8450faebe09ba3310c635,AAPL,buy,market,new,1,gtc,0.0,1,stock,,,
2023-12-20 09:30:00-05:00,MLTrader,8f663d2523a8450faebe09ba3310c635,AAPL,buy,market,fill,1,gtc,0.0,1,stock,196.89999389648438,10.0,0.0
2023-12-21 09:30:00-05:00,MLTrader,0fb0ed039e20495ca8d1a3d1111b28f6,AAPL,buy,market,new,1,gtc,0.0,1,stock,,,
2023-12-21 09:30:00-05:00,MLTrader,0fb0ed039e20495ca8d1a3d1111b28f6,AAPL,buy,market,fill,1,gtc,0.0,1,stock,196.10000610351562,10.0,0.0
2023-12-22 09:30:00-05:00,MLTrader,332709bf8c2e4a7e885d78b4bccdddfa,AAPL,buy,market,new,1,gtc,0.0,1,stock,,,
2023-12-22 09:30:00-05:00,MLTrader,332709bf8c2e4a7e885d78b4bccdddfa,AAPL,buy,market,fill,1,gtc,0.0,1,stock,195.17999267578125,10.0,0.0
2023-12-26 09:30:00-05:00,MLTrader,ce868215e68945418cef6986efd19719,AAPL,buy,market,new,1,gtc,0.0,1,stock,,,
2023-12-26 09:30:00-05:00,MLTrader,ce868215e68945418cef6986efd19719,AAPL,buy,market,fill,1,gtc,0.0,1,stock,193.61000061035156,10.0,0.0
2023-12-27 09:30:00-05:00,MLTrader,52dca2feb0b04789a7553d2e60f2daad,AAPL,buy,market,new,1,gtc,0.0,1,stock,,,
2023-12-27 09:30:00-05:00,MLTrader,52dca2feb0b04789a7553d2e60f2daad,AAPL,buy,market,fill,1,gtc,0.0,1,stock,192.49000549316406,10.0,0.0
2023-12-28 09:30:00-05:00,MLTrader,31fa94ad5ca84bfe8c98fd549d13b14d,AAPL,buy,market,new,1,gtc,0.0,1,stock,,,
2023-12-28 09:30:00-05:00,MLTrader,31fa94ad5ca84bfe8c98fd549d13b14d,AAPL,buy,market,fill,1,gtc,0.0,1,stock,194.13999938964844,10.0,0.0
2023-12-29 09:30:00-05:00,MLTrader,bce800853a6341ed9922622eedc68991,AAPL,buy,market,new,1,gtc,0.0,1,stock,,,
2023-12-29 09:30:00-05:00,MLTrader,bce800853a6341ed9922622eedc68991,AAPL,buy,market,fill,1,gtc,0.0,1,stock,193.89999389648438,10.0,0.0
2024-01-02 09:30:00-05:00,MLTrader,9101ee1c81e749129123d4e3a9249941,AAPL,buy,market,new,1,gtc,0.0,1,stock,,,
2024-01-02 09:30:00-05:00,MLTrader,9101ee1c81e749129123d4e3a9249941,AAPL,buy,market,fill,1,gtc,0.0,1,stock,187.14999389648438,10.0,0.0
2024-01-03 09:30:00-05:00,MLTrader,78fef12781dd46ce8d1ba16db60d0f3b,AAPL,buy,market,new,1,gtc,0.0,1,stock,,,
2024-01-03 09:30:00-05:00,MLTrader,78fef12781dd46ce8d1ba16db60d0f3b,AAPL,buy,market,fill,1,gtc,0.0,1,stock,184.22000122070312,10.0,0.0
2024-01-04 09:30:00-05:00,MLTrader,e6b2d4883f2646b4a8e433e6e52e1695,AAPL,buy,market,new,1,gtc,0.0,1,stock,,,
2024-01-04 09:30:00-05:00,MLTrader,e6b2d4883f2646b4a8e433e6e52e1695,AAPL,buy,market,fill,1,gtc,0.0,1,stock,182.14999389648438,10.0,0.0
2024-01-05 09:30:00-05:00,MLTrader,e5df4b703ae4424eb1fc25c00958f395,AAPL,buy,market,new,1,gtc,0.0,1,stock,,,
2024-01-05 09:30:00-05:00,MLTrader,e5df4b703ae4424eb1fc25c00958f395,AAPL,buy,market,fill,1,gtc,0.0,1,stock,181.99000549316406,10.0,0.0
2024-01-08 09:30:00-05:00,MLTrader,caa5d7b940544b089715915a74f86086,AAPL,buy,market,new,1,gtc,0.0,1,stock,,,
2024-01-08 09:30:00-05:00,MLTrader,caa5d7b940544b089715915a74f86086,AAPL,buy,market,fill,1,gtc,0.0,1,stock,182.08999633789062,10.0,0.0
2024-01-09 09:30:00-05:00,MLTrader,4629524f55f74cf6b56e01c1f94f447d,AAPL,buy,market,new,1,gtc,0.0,1,stock,,,
2024-01-09 09:30:00-05:00,MLTrader,4629524f55f74cf6b56e01c1f94f447d,AAPL,buy,market,fill,1,gtc,0.0,1,stock,183.9199981689453,10.0,0.0
2024-01-10 09:30:00-05:00,MLTrader,71045488f3f54b3cbeffd6d8d184424e,AAPL,buy,market,new,1,gtc,0.0,1,stock,,,
2024-01-10 09:30:00-05:00,MLTrader,71045488f3f54b3cbeffd6d8d184424e,AAPL,buy,market,fill,1,gtc,0.0,1,stock,184.35000610351562,10.0,0.0
2024-01-11 09:30:00-05:00,MLTrader,3b43c64340ac4cb9b2b9ba9b153275c1,AAPL,buy,market,new,1,gtc,0.0,1,stock,,,
2024-01-11 09:30:00-05:00,MLTrader,3b43c64340ac4cb9b2b9ba9b153275c1,AAPL,buy,market,fill,1,gtc,0.0,1,stock,186.5399932861328,10.0,0.0
2024-01-12 09:30:00-05:00,MLTrader,d98f6791f3f44f2fba32135448b35f06,AAPL,buy,market,new,1,gtc,0.0,1,stock,,,
2024-01-12 09:30:00-05:00,MLTrader,d98f6791f3f44f2fba32135448b35f06,AAPL,buy,market,fill,1,gtc,0.0,1,stock,186.05999755859375,10.0,0.0
2024-01-16 09:30:00-05:00,MLTrader,78560e23c85d462a99f494d2d8e89004,AAPL,buy,market,new,1,gtc,0.0,1,stock,,,
2024-01-16 09:30:00-05:00,MLTrader,78560e23c85d462a99f494d2d8e89004,AAPL,buy,market,fill,1,gtc,0.0,1,stock,182.16000366210938,10.0,0.0
2024-01-17 09:30:00-05:00,MLTrader,428185ff1da94196ac96f8920ea5ebaf,AAPL,buy,market,new,1,gtc,0.0,1,stock,,,
2024-01-17 09:30:00-05:00,MLTrader,428185ff1da94196ac96f8920ea5ebaf,AAPL,buy,market,fill,1,gtc,0.0,1,stock,181.27000427246094,10.0,0.0
2024-01-18 09:30:00-05:00,MLTrader,9f715fcb6d5c418db02a94f8ae96bb03,AAPL,buy,market,new,1,gtc,0.0,1,stock,,,
2024-01-18 09:30:00-05:00,MLTrader,9f715fcb6d5c418db02a94f8ae96bb03,AAPL,buy,market,fill,1,gtc,0.0,1,stock,186.08999633789062,10.0,0.0
2024-01-19 09:30:00-05:00,MLTrader,f9b0f61d4d9543888f6a6f84f24b980f,AAPL,buy,market,new,1,gtc,0.0,1,stock,,,
2024-01-19 09:30:00-05:00,MLTrader,f9b0f61d4d9543888f6a6f84f24b980f,AAPL,buy,market,fill,1,gtc,0.0,1,stock,189.3300018310547,10.0,0.0
2024-01-22 09:30:00-05:00,MLTrader,fab73863ec0b424aad088e2db2cbfd19,AAPL,buy,market,new,1,gtc,0.0,1,stock,,,
2024-01-22 09:30:00-05:00,MLTrader,fab73863ec0b424aad088e2db2cbfd19,AAPL,buy,market,fill,1,gtc,0.0,1,stock,192.3000030517578,10.0,0.0
2024-01-23 09:30:00-05:00,MLTrader,44c15d9a8caf4cf289e508b3a8b83ccc,AAPL,buy,market,new,1,gtc,0.0,1,stock,,,
2024-01-23 09:30:00-05:00,MLTrader,44c15d9a8caf4cf289e508b3a8b83ccc,AAPL,buy,market,fill,1,gtc,0.0,1,stock,195.02000427246094,10.0,0.0
2024-01-24 09:30:00-05:00,MLTrader,ed8ee61a06f44c15b993a24eaf1f4828,AAPL,buy,market,new,1,gtc,0.0,1,stock,,,
2024-01-24 09:30:00-05:00,MLTrader,ed8ee61a06f44c15b993a24eaf1f4828,AAPL,buy,market,fill,1,gtc,0.0,1,stock,195.4199981689453,10.0,0.0
2024-01-25 09:30:00-05:00,MLTrader,c947732cee0146c09aee7add1c198602,AAPL,buy,market,new,1,gtc,0.0,1,stock,,,
2024-01-25 09:30:00-05:00,MLTrader,c947732cee0146c09aee7add1c198602,AAPL,buy,market,fill,1,gtc,0.0,1,stock,195.22000122070312,10.0,0.0
2024-01-26 09:30:00-05:00,MLTrader,c0a8588ef47243ea9569127b100d10a2,AAPL,buy,market,new,1,gtc,0.0,1,stock,,,
2024-01-26 09:30:00-05:00,MLTrader,c0a8588ef47243ea9569127b100d10a2,AAPL,buy,market,fill,1,gtc,0.0,1,stock,194.27000427246094,10.0,0.0
2024-01-29 09:30:00-05:00,MLTrader,ce2e033bb44f4927837634d4f6a175fe,AAPL,buy,market,new,1,gtc,0.0,1,stock,,,
2024-01-29 09:30:00-05:00,MLTrader,ce2e033bb44f4927837634d4f6a175fe,AAPL,buy,market,fill,1,gtc,0.0,1,stock,192.00999450683594,10.0,0.0
2024-01-30 09:30:00-05:00,MLTrader,1049dd10512c41a2a9e8fd2209079d45,AAPL,buy,market,new,1,gtc,0.0,1,stock,,,
2024-01-30 09:30:00-05:00,MLTrader,1049dd10512c41a2a9e8fd2209079d45,AAPL,buy,market,fill,1,gtc,0.0,1,stock,190.94000244140625,10.0,0.0
2024-01-31 09:30:00-05:00,MLTrader,909140def456489e9e3f82b24b039032,AAPL,buy,market,new,1,gtc,0.0,1,stock,,,
2024-01-31 09:30:00-05:00,MLTrader,909140def456489e9e3f82b24b039032,AAPL,buy,market,fill,1,gtc,0.0,1,stock,187.0399932861328,10.0,0.0
2024-02-01 09:30:00-05:00,MLTrader,3d3999f4f6624245a4c0bec190fcd724,AAPL,buy,market,new,1,gtc,0.0,1,stock,,,
2024-02-01 09:30:00-05:00,MLTrader,3d3999f4f6624245a4c0bec190fcd724,AAPL,buy,market,fill,1,gtc,0.0,1,stock,183.99000549316406,10.0,0.0
2024-02-02 09:30:00-05:00,MLTrader,f20aa3ad38b54ca6b88f0005b906e7b0,AAPL,buy,market,new,1,gtc,0.0,1,stock,,,
2024-02-02 09:30:00-05:00,MLTrader,f20aa3ad38b54ca6b88f0005b906e7b0,AAPL,buy,market,fill,1,gtc,0.0,1,stock,179.86000061035156,10.0,0.0
2024-02-05 09:30:00-05:00,MLTrader,1f103e875654424dacc0e35a3992871f,AAPL,buy,market,new,1,gtc,0.0,1,stock,,,
2024-02-05 09:30:00-05:00,MLTrader,1f103e875654424dacc0e35a3992871f,AAPL,buy,market,fill,1,gtc,0.0,1,stock,188.14999389648438,10.0,0.0
2024-02-06 09:30:00-05:00,MLTrader,b84ea24a1b544474a0c5361b57fd6572,AAPL,buy,market,new,1,gtc,0.0,1,stock,,,
2024-02-06 09:30:00-05:00,MLTrader,b84ea24a1b544474a0c5361b57fd6572,AAPL,buy,market,fill,1,gtc,0.0,1,stock,186.86000061035156,10.0,0.0
2024-02-07 09:30:00-05:00,MLTrader,32238fd67dc34e67a5fa1a76a1f0fd3c,AAPL,buy,market,new,1,gtc,0.0,1,stock,,,
2024-02-07 09:30:00-05:00,MLTrader,32238fd67dc34e67a5fa1a76a1f0fd3c,AAPL,buy,market,fill,1,gtc,0.0,1,stock,190.63999938964844,10.0,0.0
2024-02-08 09:30:00-05:00,MLTrader,ce0befe9e6cc449e8fc14bbc1e4cec86,AAPL,buy,market,new,1,gtc,0.0,1,stock,,,
2024-02-08 09:30:00-05:00,MLTrader,ce0befe9e6cc449e8fc14bbc1e4cec86,AAPL,buy,market,fill,1,gtc,0.0,1,stock,189.38999938964844,10.0,0.0
2024-02-09 09:30:00-05:00,MLTrader,7d230754b8564841852f8ce28bc8eba9,AAPL,buy,market,new,1,gtc,0.0,1,stock,,,
2024-02-09 09:30:00-05:00,MLTrader,7d230754b8564841852f8ce28bc8eba9,AAPL,buy,market,fill,1,gtc,0.0,1,stock,188.64999389648438,10.0,0.0
2024-02-12 09:30:00-05:00,MLTrader,66952776498a41e18f5503336cd0751f,AAPL,buy,market,new,1,gtc,0.0,1,stock,,,
2024-02-12 09:30:00-05:00,MLTrader,66952776498a41e18f5503336cd0751f,AAPL,buy,market,fill,1,gtc,0.0,1,stock,188.4199981689453,10.0,0.0
2024-02-13 09:30:00-05:00,MLTrader,7caa3a0627df415ca5b4e69d41bb7887,AAPL,buy,market,new,1,gtc,0.0,1,stock,,,
2024-02-13 09:30:00-05:00,MLTrader,7caa3a0627df415ca5b4e69d41bb7887,AAPL,buy,market,fill,1,gtc,0.0,1,stock,185.77000427246094,10.0,0.0
2024-02-14 09:30:00-05:00,MLTrader,7373665c4a934edeb70a6cd83a5de997,AAPL,buy,market,new,1,gtc,0.0,1,stock,,,
2024-02-14 09:30:00-05:00,MLTrader,7373665c4a934edeb70a6cd83a5de997,AAPL,buy,market,fill,1,gtc,0.0,1,stock,185.32000732421875,10.0,0.0
2024-02-15 09:30:00-05:00,MLTrader,4fb8489ecab449c295759aa555954f1a,AAPL,buy,market,new,1,gtc,0.0,1,stock,,,
2024-02-15 09:30:00-05:00,MLTrader,4fb8489ecab449c295759aa555954f1a,AAPL,buy,market,fill,1,gtc,0.0,1,stock,183.5500030517578,10.0,0.0
2024-02-16 09:30:00-05:00,MLTrader,4c87e68bc1eb4b48a0dc2c140779dbbf,AAPL,buy,market,new,1,gtc,0.0,1,stock,,,
2024-02-16 09:30:00-05:00,MLTrader,4c87e68bc1eb4b48a0dc2c140779dbbf,AAPL,buy,market,fill,1,gtc,0.0,1,stock,183.4199981689453,10.0,0.0
2024-02-20 09:30:00-05:00,MLTrader,6ed0975e796f47cfa980ad3d643b0533,AAPL,buy,market,new,1,gtc,0.0,1,stock,,,
2024-02-20 09:30:00-05:00,MLTrader,6ed0975e796f47cfa980ad3d643b0533,AAPL,buy,market,fill,1,gtc,0.0,1,stock,181.7899932861328,10.0,0.0
2024-02-21 09:30:00-05:00,MLTrader,84fdd6e981a441578b835e5e0f1c810e,AAPL,buy,market,new,1,gtc,0.0,1,stock,,,
2024-02-21 09:30:00-05:00,MLTrader,84fdd6e981a441578b835e5e0f1c810e,AAPL,buy,market,fill,1,gtc,0.0,1,stock,181.94000244140625,10.0,0.0
2024-02-22 09:30:00-05:00,MLTrader,00c7f4ea86e24e3eb108849d308dc62d,AAPL,buy,market,new,1,gtc,0.0,1,stock,,,
2024-02-22 09:30:00-05:00,MLTrader,00c7f4ea86e24e3eb108849d308dc62d,AAPL,buy,market,fill,1,gtc,0.0,1,stock,183.47999572753906,10.0,0.0
2024-02-23 09:30:00-05:00,MLTrader,39e7a592a6b1445091df05cb794fb519,AAPL,buy,market,new,1,gtc,0.0,1,stock,,,
2024-02-23 09:30:00-05:00,MLTrader,39e7a592a6b1445091df05cb794fb519,AAPL,buy,market,fill,1,gtc,0.0,1,stock,185.00999450683594,10.0,0.0
2024-02-26 09:30:00-05:00,MLTrader,d426ade2df1a411baff7606787820009,AAPL,buy,market,new,1,gtc,0.0,1,stock,,,
2024-02-26 09:30:00-05:00,MLTrader,d426ade2df1a411baff7606787820009,AAPL,buy,market,fill,1,gtc,0.0,1,stock,182.24000549316406,10.0,0.0
2024-02-27 09:30:00-05:00,MLTrader,ec324d6f6e7147418a23c642570e6b06,AAPL,buy,market,new,1,gtc,0.0,1,stock,,,
2024-02-27 09:30:00-05:00,MLTrader,ec324d6f6e7147418a23c642570e6b06,AAPL,buy,market,fill,1,gtc,0.0,1,stock,181.10000610351562,10.0,0.0
2024-02-28 09:30:00-05:00,MLTrader,3c5a25254cb64731a6f2d415469489cb,AAPL,buy,market,new,1,gtc,0.0,1,stock,,,
2024-02-28 09:30:00-05:00,MLTrader,3c5a25254cb64731a6f2d415469489cb,AAPL,buy,market,fill,1,gtc,0.0,1,stock,182.50999450683594,10.0,0.0
2024-02-29 09:30:00-05:00,MLTrader,295aba7c29b54940aed44350bd6cf393,AAPL,buy,market,new,1,gtc,0.0,1,stock,,,
2024-02-29 09:30:00-05:00,MLTrader,295aba7c29b54940aed44350bd6cf393,AAPL,buy,market,fill,1,gtc,0.0,1,stock,181.27000427246094,10.0,0.0
2024-03-01 09:30:00-05:00,MLTrader,d3298253c3634fa7bc0e389fa11ded4e,AAPL,buy,market,new,1,gtc,0.0,1,stock,,,
2024-03-01 09:30:00-05:00,MLTrader,d3298253c3634fa7bc0e389fa11ded4e,AAPL,buy,market,fill,1,gtc,0.0,1,stock,179.5500030517578,10.0,0.0
2024-03-04 09:30:00-05:00,MLTrader,b6ea5746cfa540f7a728a067fb05be99,AAPL,buy,market,new,1,gtc,0.0,1,stock,,,
2024-03-04 09:30:00-05:00,MLTrader,b6ea5746cfa540f7a728a067fb05be99,AAPL,buy,market,fill,1,gtc,0.0,1,stock,176.14999389648438,10.0,0.0
2024-03-05 09:30:00-05:00,MLTrader,46557242aa5b4e78bbbd9567e02a1b3d,AAPL,buy,market,new,1,gtc,0.0,1,stock,,,
2024-03-05 09:30:00-05:00,MLTrader,46557242aa5b4e78bbbd9567e02a1b3d,AAPL,buy,market,fill,1,gtc,0.0,1,stock,170.75999450683594,10.0,0.0
2024-03-06 09:30:00-05:00,MLTrader,98ffb228b74a4f7bb8fcdbad149396b3,AAPL,buy,market,new,1,gtc,0.0,1,stock,,,
2024-03-06 09:30:00-05:00,MLTrader,98ffb228b74a4f7bb8fcdbad149396b3,AAPL,buy,market,fill,1,gtc,0.0,1,stock,171.05999755859375,10.0,0.0
2024-03-07 09:30:00-05:00,MLTrader,5f996f46081b4b7bac31822552d48009,AAPL,buy,market,new,1,gtc,0.0,1,stock,,,
2024-03-07 09:30:00-05:00,MLTrader,5f996f46081b4b7bac31822552d48009,AAPL,buy,market,fill,1,gtc,0.0,1,stock,169.14999389648438,10.0,0.0
2024-03-08 09:30:00-05:00,MLTrader,a5f68a9caff5469187e7ddaab0d8467b,AAPL,buy,market,new,1,gtc,0.0,1,stock,,,
2024-03-08 09:30:00-05:00,MLTrader,a5f68a9caff5469187e7ddaab0d8467b,AAPL,buy,market,fill,1,gtc,0.0,1,stock,169.0,10.0,0.0
2024-03-11 09:30:00-04:00,MLTrader,d37bfc7a721848deb47b0cd30b6b339d,AAPL,buy,market,new,1,gtc,0.0,1,stock,,,
2024-03-11 09:30:00-04:00,MLTrader,d37bfc7a721848deb47b0cd30b6b339d,AAPL,buy,market,fill,1,gtc,0.0,1,stock,173.14999389648438,10.0,0.0
2024-03-12 09:30:00-04:00,MLTrader,342f69c9db0e4af1b2dc902408fe8dd2,AAPL,buy,market,new,1,gtc,0.0,1,stock,,,
2024-03-12 09:30:00-04:00,MLTrader,342f69c9db0e4af1b2dc902408fe8dd2,AAPL,buy,market,fill,1,gtc,0.0,1,stock,172.77000427246094,10.0,0.0
2024-03-13 09:30:00-04:00,MLTrader,6f2fdafab4d544da82df2f9f289bfd40,AAPL,buy,market,new,1,gtc,0.0,1,stock,,,
2024-03-13 09:30:00-04:00,MLTrader,6f2fdafab4d544da82df2f9f289bfd40,AAPL,buy,market,fill,1,gtc,0.0,1,stock,172.91000366210938,10.0,0.0
2024-03-14 09:30:00-04:00,MLTrader,1dec6705e5594228a12a97102956130d,AAPL,buy,market,new,1,gtc,0.0,1,stock,,,
2024-03-14 09:30:00-04:00,MLTrader,1dec6705e5594228a12a97102956130d,AAPL,buy,market,fill,1,gtc,0.0,1,stock,171.1699981689453,10.0,0.0
2024-03-15 09:30:00-04:00,MLTrader,8eceb57279b74cafb0fe91fa002feb3c,AAPL,buy,market,new,1,gtc,0.0,1,stock,,,
2024-03-15 09:30:00-04:00,MLTrader,8eceb57279b74cafb0fe91fa002feb3c,AAPL,buy,market,fill,1,gtc,0.0,1,stock,171.1699981689453,10.0,0.0
2024-03-18 09:30:00-04:00,MLTrader,8d1d925b710043f986fd296397ff95f0,AAPL,buy,market,new,1,gtc,0.0,1,stock,,,
2024-03-18 09:30:00-04:00,MLTrader,8d1d925b710043f986fd296397ff95f0,AAPL,buy,market,fill,1,gtc,0.0,1,stock,174.33999633789062,10.0,0.0
2024-03-19 09:30:00-04:00,MLTrader,e46c77b8aa2749b89848ae98e7e2e096,AAPL,buy,market,new,1,gtc,0.0,1,stock,,,
2024-03-19 09:30:00-04:00,MLTrader,e46c77b8aa2749b89848ae98e7e2e096,AAPL,buy,market,fill,1,gtc,0.0,1,stock,175.72000122070312,10.0,0.0
2024-03-20 09:30:00-04:00,MLTrader,bf5a709a5c5740ec86d6bb2d84dfbd45,AAPL,buy,market,new,1,gtc,0.0,1,stock,,,
2024-03-20 09:30:00-04:00,MLTrader,bf5a709a5c5740ec86d6bb2d84dfbd45,AAPL,buy,market,fill,1,gtc,0.0,1,stock,177.0500030517578,10.0,0.0
2024-03-21 09:30:00-04:00,MLTrader,dfcc713fb22d4e30879f8ef3f2b2373d,AAPL,buy,market,new,1,gtc,0.0,1,stock,,,
2024-03-21 09:30:00-04:00,MLTrader,dfcc713fb22d4e30879f8ef3f2b2373d,AAPL,buy,market,fill,1,gtc,0.0,1,stock,171.75999450683594,10.0,0.0
2024-03-22 09:30:00-04:00,MLTrader,a66d0146f85441e6be2efac25f2ed956,AAPL,buy,market,new,1,gtc,0.0,1,stock,,,
2024-03-22 09:30:00-04:00,MLTrader,a66d0146f85441e6be2efac25f2ed956,AAPL,buy,market,fill,1,gtc,0.0,1,stock,171.75999450683594,10.0,0.0
2024-03-25 09:30:00-04:00,MLTrader,1317bece17aa4200aff4356d02124b3c,AAPL,buy,market,new,1,gtc,0.0,1,stock,,,
2024-03-25 09:30:00-04:00,MLTrader,1317bece17aa4200aff4356d02124b3c,AAPL,buy,market,fill,1,gtc,0.0,1,stock,170.0,10.0,0.0
2024-03-26 09:30:00-04:00,MLTrader,ecd883f2bf294f069666ab530361d0ae,AAPL,buy,market,new,1,gtc,0.0,1,stock,,,
2024-03-26 09:30:00-04:00,MLTrader,ecd883f2bf294f069666ab530361d0ae,AAPL,buy,market,fill,1,gtc,0.0,1,stock,170.41000366210938,10.0,0.0
2024-03-27 09:30:00-04:00,MLTrader,add467347ee34fa09be3744c42f42522,AAPL,buy,market,new,1,gtc,0.0,1,stock,,,
2024-03-27 09:30:00-04:00,MLTrader,add467347ee34fa09be3744c42f42522,AAPL,buy,market,fill,1,gtc,0.0,1,stock,171.75,10.0,0.0
2024-03-28 09:30:00-04:00,MLTrader,25dcf7ec57dd4c8aad25af3ed2ff2c71,AAPL,buy,market,new,1,gtc,0.0,1,stock,,,
2024-03-28 09:30:00-04:00,MLTrader,25dcf7ec57dd4c8aad25af3ed2ff2c71,AAPL,buy,market,fill,1,gtc,0.0,1,stock,171.75,10.0,0.0
2024-04-01 09:30:00-04:00,MLTrader,58dc870833a04d6887057041be01ddd5,AAPL,buy,market,new,1,gtc,0.0,1,stock,,,
2024-04-01 09:30:00-04:00,MLTrader,58dc870833a04d6887057041be01ddd5,AAPL,buy,market,fill,1,gtc,0.0,1,stock,169.0800018310547,10.0,0.0
2024-04-02 09:30:00-04:00,MLTrader,a17245b94b434c7ea9ef889e53c246ab,AAPL,buy,market,new,1,gtc,0.0,1,stock,,,
2024-04-02 09:30:00-04:00,MLTrader,a17245b94b434c7ea9ef889e53c246ab,AAPL,buy,market,fill,1,gtc,0.0,1,stock,168.7899932861328,10.0,0.0
2024-04-03 09:30:00-04:00,MLTrader,07f001712dae466a97fbf50b68462bb3,AAPL,buy,market,new,1,gtc,0.0,1,stock,,,
2024-04-03 09:30:00-04:00,MLTrader,07f001712dae466a97fbf50b68462bb3,AAPL,buy,market,fill,1,gtc,0.0,1,stock,170.2899932861328,10.0,0.0
2024-04-04 09:30:00-04:00,MLTrader,64010cbf5dc74b5987c27443eb6f472d,AAPL,buy,market,new,1,gtc,0.0,1,stock,,,
2024-04-04 09:30:00-04:00,MLTrader,64010cbf5dc74b5987c27443eb6f472d,AAPL,buy,market,fill,1,gtc,0.0,1,stock,169.58999633789062,10.0,0.0
2024-04-05 09:30:00-04:00,MLTrader,466c85f85a404ffdb67c6d99d4529cf3,AAPL,buy,market,new,1,gtc,0.0,1,stock,,,
2024-04-05 09:30:00-04:00,MLTrader,466c85f85a404ffdb67c6d99d4529cf3,AAPL,buy,market,fill,1,gtc,0.0,1,stock,169.58999633789062,10.0,0.0
2024-04-08 09:30:00-04:00,MLTrader,f364d2a781fc47478bcc3203fd817cd8,AAPL,buy,market,new,1,gtc,0.0,1,stock,,,
2024-04-08 09:30:00-04:00,MLTrader,f364d2a781fc47478bcc3203fd817cd8,AAPL,buy,market,fill,1,gtc,0.0,1,stock,168.6999969482422,10.0,0.0
2024-04-09 09:30:00-04:00,MLTrader,0e8da556f32945e69fc7e629f68ea014,AAPL,buy,market,new,1,gtc,0.0,1,stock,,,
2024-04-09 09:30:00-04:00,MLTrader,0e8da556f32945e69fc7e629f68ea014,AAPL,buy,market,fill,1,gtc,0.0,1,stock,168.8000030517578,10.0,0.0
2024-04-10 09:30:00-04:00,MLTrader,0c2f86d901c74bf18645e87d65a12c5e,AAPL,buy,market,new,1,gtc,0.0,1,stock,,,
2024-04-10 09:30:00-04:00,MLTrader,0c2f86d901c74bf18645e87d65a12c5e,AAPL,buy,market,fill,1,gtc,0.0,1,stock,168.33999633789062,10.0,0.0
2024-04-11 09:30:00-04:00,MLTrader,841b8fb88b2a42b49fa63de76fa16067,AAPL,buy,market,new,1,gtc,0.0,1,stock,,,
2024-04-11 09:30:00-04:00,MLTrader,841b8fb88b2a42b49fa63de76fa16067,AAPL,buy,market,fill,1,gtc,0.0,1,stock,174.25999450683594,10.0,0.0
2024-04-12 09:30:00-04:00,MLTrader,a966076d57164980a0130956da895995,AAPL,buy,market,new,1,gtc,0.0,1,stock,,,
2024-04-12 09:30:00-04:00,MLTrader,a966076d57164980a0130956da895995,AAPL,buy,market,fill,1,gtc,0.0,1,stock,174.25999450683594,10.0,0.0
2024-04-15 09:30:00-04:00,MLTrader,1edcec3a32ee4ec79fd8f38d76ae0bd7,AAPL,buy,market,new,1,gtc,0.0,1,stock,,,
2024-04-15 09:30:00-04:00,MLTrader,1edcec3a32ee4ec79fd8f38d76ae0bd7,AAPL,buy,market,fill,1,gtc,0.0,1,stock,171.75,10.0,0.0
2024-04-16 09:30:00-04:00,MLTrader,be56f36bab8847c08b1b6d7a0de8e202,AAPL,buy,market,new,1,gtc,0.0,1,stock,,,
2024-04-16 09:30:00-04:00,MLTrader,be56f36bab8847c08b1b6d7a0de8e202,AAPL,buy,market,fill,1,gtc,0.0,1,stock,169.61000061035156,10.0,0.0
2024-04-17 09:30:00-04:00,MLTrader,13e17f25e98243d59445f8fc1fa437d2,AAPL,buy,market,new,1,gtc,0.0,1,stock,,,
2024-04-17 09:30:00-04:00,MLTrader,13e17f25e98243d59445f8fc1fa437d2,AAPL,buy,market,fill,1,gtc,0.0,1,stock,168.02999877929688,10.0,0.0
2024-04-18 09:30:00-04:00,MLTrader,e064b9312ab74802afd4d51dcc15951b,AAPL,buy,market,new,1,gtc,0.0,1,stock,,,
2024-04-18 09:30:00-04:00,MLTrader,e064b9312ab74802afd4d51dcc15951b,AAPL,buy,market,fill,1,gtc,0.0,1,stock,166.2100067138672,10.0,0.0
2024-04-19 09:30:00-04:00,MLTrader,26aceec51cb54703b10a25fc16d762f3,AAPL,buy,market,new,1,gtc,0.0,1,stock,,,
2024-04-19 09:30:00-04:00,MLTrader,26aceec51cb54703b10a25fc16d762f3,AAPL,buy,market,fill,1,gtc,0.0,1,stock,166.2100067138672,10.0,0.0
2024-04-22 09:30:00-04:00,MLTrader,b5784ea8b8944d0297f0479c485fd115,AAPL,buy,market,new,1,gtc,0.0,1,stock,,,
2024-04-22 09:30:00-04:00,MLTrader,b5784ea8b8944d0297f0479c485fd115,AAPL,buy,market,fill,1,gtc,0.0,1,stock,165.35000610351562,10.0,0.0
2024-04-23 09:30:00-04:00,MLTrader,c382a5c1c5d648d0b45b25f177266568,AAPL,buy,market,new,1,gtc,0.0,1,stock,,,
2024-04-23 09:30:00-04:00,MLTrader,c382a5c1c5d648d0b45b25f177266568,AAPL,buy,market,fill,1,gtc,0.0,1,stock,166.5399932861328,10.0,0.0
2024-04-24 09:30:00-04:00,MLTrader,e93e5c9727c54131af45ba5a90f4ee67,AAPL,buy,market,new,1,gtc,0.0,1,stock,,,
2024-04-24 09:30:00-04:00,MLTrader,e93e5c9727c54131af45ba5a90f4ee67,AAPL,buy,market,fill,1,gtc,0.0,1,stock,169.52999877929688,10.0,0.0
2024-04-25 09:30:00-04:00,MLTrader,f3b4faf91e1c47d5bff0a71c79ed4c96,AAPL,buy,market,new,1,gtc,0.0,1,stock,,,
2024-04-25 09:30:00-04:00,MLTrader,f3b4faf91e1c47d5bff0a71c79ed4c96,AAPL,buy,market,fill,1,gtc,0.0,1,stock,169.8800048828125,10.0,0.0
2024-04-26 09:30:00-04:00,MLTrader,a5e7750a4cae4d6b8b8961842bb54b94,AAPL,buy,market,new,1,gtc,0.0,1,stock,,,
2024-04-26 09:30:00-04:00,MLTrader,a5e7750a4cae4d6b8b8961842bb54b94,AAPL,buy,market,fill,1,gtc,0.0,1,stock,169.8800048828125,10.0,0.0
2024-04-29 09:30:00-04:00,MLTrader,24d90b424cf0460a967a8af1af219fec,AAPL,buy,market,new,1,gtc,0.0,1,stock,,,
2024-04-29 09:30:00-04:00,MLTrader,24d90b424cf0460a967a8af1af219fec,AAPL,buy,market,fill,1,gtc,0.0,1,stock,173.3300018310547,10.0,0.0
2024-04-30 09:30:00-04:00,MLTrader,eda527089d0748b89d5bf014d66927ed,AAPL,buy,market,new,1,gtc,0.0,1,stock,,,
2024-04-30 09:30:00-04:00,MLTrader,eda527089d0748b89d5bf014d66927ed,AAPL,buy,market,fill,1,gtc,0.0,1,stock,169.5800018310547,10.0,0.0
2024-05-01 09:30:00-04:00,MLTrader,ecb0beeaa56f4c1993e9b06a4b17996b,AAPL,buy,market,new,1,gtc,0.0,1,stock,,,
2024-05-01 09:30:00-04:00,MLTrader,ecb0beeaa56f4c1993e9b06a4b17996b,AAPL,buy,market,fill,1,gtc,0.0,1,stock,172.50999450683594,10.0,0.0
2024-05-02 09:30:00-04:00,MLTrader,fc2eb8a6a0694c4090a8e0a98c2684d8,AAPL,buy,market,new,1,gtc,0.0,1,stock,,,
2024-05-02 09:30:00-04:00,MLTrader,fc2eb8a6a0694c4090a8e0a98c2684d8,AAPL,buy,market,fill,1,gtc,0.0,1,stock,186.64999389648438,10.0,0.0
2024-05-03 09:30:00-04:00,MLTrader,895c72c627004f0b905aee9a3b507278,AAPL,buy,market,new,1,gtc,0.0,1,stock,,,
2024-05-03 09:30:00-04:00,MLTrader,895c72c627004f0b905aee9a3b507278,AAPL,buy,market,fill,1,gtc,0.0,1,stock,186.64999389648438,10.0,0.0
2024-05-06 09:30:00-04:00,MLTrader,ab30672066074c6cbbde98177e932e6e,AAPL,buy,market,new,1,gtc,0.0,1,stock,,,
2024-05-06 09:30:00-04:00,MLTrader,ab30672066074c6cbbde98177e932e6e,AAPL,buy,market,fill,1,gtc,0.0,1,stock,183.4499969482422,10.0,0.0
2024-05-07 09:30:00-04:00,MLTrader,0eb913f139df4ec694521fc7a3b998fc,AAPL,buy,market,new,1,gtc,0.0,1,stock,,,
2024-05-07 09:30:00-04:00,MLTrader,0eb913f139df4ec694521fc7a3b998fc,AAPL,buy,market,fill,1,gtc,0.0,1,stock,182.85000610351562,10.0,0.0
2024-05-08 09:30:00-04:00,MLTrader,0c2c88c3236544c7bdecb3bdc6cf16dc,AAPL,buy,market,new,1,gtc,0.0,1,stock,,,
2024-05-08 09:30:00-04:00,MLTrader,0c2c88c3236544c7bdecb3bdc6cf16dc,AAPL,buy,market,fill,1,gtc,0.0,1,stock,182.55999755859375,10.0,0.0
2024-05-09 09:30:00-04:00,MLTrader,fa501142fc634a4a9814f0c188a24deb,AAPL,buy,market,new,1,gtc,0.0,1,stock,,,
2024-05-09 09:30:00-04:00,MLTrader,fa501142fc634a4a9814f0c188a24deb,AAPL,buy,market,fill,1,gtc,0.0,1,stock,184.89999389648438,10.0,0.0
2024-05-10 09:30:00-04:00,MLTrader,949d5197e2b34537bc97fa58ecfac4ba,AAPL,buy,market,new,1,gtc,0.0,1,stock,,,
2024-05-10 09:30:00-04:00,MLTrader,949d5197e2b34537bc97fa58ecfac4ba,AAPL,buy,market,fill,1,gtc,0.0,1,stock,184.89999389648438,10.0,0.0
2024-05-13 09:30:00-04:00,MLTrader,bd3f7456ff9141899cb3cd07ec16e57b,AAPL,buy,market,new,1,gtc,0.0,1,stock,,,
2024-05-13 09:30:00-04:00,MLTrader,bd3f7456ff9141899cb3cd07ec16e57b,AAPL,buy,market,fill,1,gtc,0.0,1,stock,187.50999450683594,10.0,0.0
2024-05-14 09:30:00-04:00,MLTrader,119ec549137d415187da08191f8c2b65,AAPL,buy,market,new,1,gtc,0.0,1,stock,,,
2024-05-14 09:30:00-04:00,MLTrader,119ec549137d415187da08191f8c2b65,AAPL,buy,market,fill,1,gtc,0.0,1,stock,187.91000366210938,10.0,0.0
2024-05-15 09:30:00-04:00,MLTrader,b140de0d205340479fd754d49698b251,AAPL,buy,market,new,1,gtc,0.0,1,stock,,,
2024-05-15 09:30:00-04:00,MLTrader,b140de0d205340479fd754d49698b251,AAPL,buy,market,fill,1,gtc,0.0,1,stock,190.47000122070312,10.0,0.0
2024-05-16 09:30:00-04:00,MLTrader,7740fe3a58644b79939fedeef76904c9,AAPL,buy,market,new,1,gtc,0.0,1,stock,,,
2024-05-16 09:30:00-04:00,MLTrader,7740fe3a58644b79939fedeef76904c9,AAPL,buy,market,fill,1,gtc,0.0,1,stock,189.50999450683594,10.0,0.0
2024-05-17 09:30:00-04:00,MLTrader,cdbeb844ba9f4607a8d06aa594cf66ef,AAPL,buy,market,new,1,gtc,0.0,1,stock,,,
2024-05-17 09:30:00-04:00,MLTrader,cdbeb844ba9f4607a8d06aa594cf66ef,AAPL,buy,market,fill,1,gtc,0.0,1,stock,189.50999450683594,10.0,0.0
2024-05-20 09:30:00-04:00,MLTrader,d822fbab998a4fbabebfb96abb2c7946,AAPL,buy,market,new,1,gtc,0.0,1,stock,,,
2024-05-20 09:30:00-04:00,MLTrader,d822fbab998a4fbabebfb96abb2c7946,AAPL,buy,market,fill,1,gtc,0.0,1,stock,191.08999633789062,10.0,0.0
2024-05-21 09:30:00-04:00,MLTrader,6c192c69d2d9487f91a2985dcd7058da,AAPL,buy,market,new,1,gtc,0.0,1,stock,,,
2024-05-21 09:30:00-04:00,MLTrader,6c192c69d2d9487f91a2985dcd7058da,AAPL,buy,market,fill,1,gtc,0.0,1,stock,192.27000427246094,10.0,0.0
2024-05-22 09:30:00-04:00,MLTrader,6c4ecb38e834418ca14a1f718c644006,AAPL,buy,market,new,1,gtc,0.0,1,stock,,,
2024-05-22 09:30:00-04:00,MLTrader,6c4ecb38e834418ca14a1f718c644006,AAPL,buy,market,fill,1,gtc,0.0,1,stock,190.97999572753906,10.0,0.0
2024-05-23 09:30:00-04:00,MLTrader,08fa3a1d2890494fa246669d89b90e52,AAPL,buy,market,new,1,gtc,0.0,1,stock,,,
2024-05-23 09:30:00-04:00,MLTrader,08fa3a1d2890494fa246669d89b90e52,AAPL,buy,market,fill,1,gtc,0.0,1,stock,188.82000732421875,10.0,0.0
2024-05-24 09:30:00-04:00,MLTrader,93bc2378be4f4ccc92226cd5030ac7cf,AAPL,buy,market,new,1,gtc,0.0,1,stock,,,
2024-05-24 09:30:00-04:00,MLTrader,93bc2378be4f4ccc92226cd5030ac7cf,AAPL,buy,market,fill,1,gtc,0.0,1,stock,188.82000732421875,10.0,0.0
2024-05-28 09:30:00-04:00,MLTrader,1aae44d003264261b32f38a8d9f397dc,AAPL,buy,market,new,1,gtc,0.0,1,stock,,,
2024-05-28 09:30:00-04:00,MLTrader,1aae44d003264261b32f38a8d9f397dc,AAPL,buy,market,fill,1,gtc,0.0,1,stock,189.61000061035156,10.0,0.0
2024-05-29 09:30:00-04:00,MLTrader,24fe4837456446488a304e0c88de6cfe,AAPL,buy,market,new,1,gtc,0.0,1,stock,,,
2024-05-29 09:30:00-04:00,MLTrader,24fe4837456446488a304e0c88de6cfe,AAPL,buy,market,fill,1,gtc,0.0,1,stock,190.75999450683594,10.0,0.0
